-- phpMyAdmin SQL Dump
-- version 5.2.1
-- https://www.phpmyadmin.net/
--
-- Host: localhost
-- Generation Time: Apr 29, 2025 at 11:20 PM
-- Server version: 10.11.11-MariaDB-ubu2204
-- PHP Version: 8.0.30

SET SQL_MODE = "NO_AUTO_VALUE_ON_ZERO";
START TRANSACTION;
SET time_zone = "+00:00";


/*!40101 SET @OLD_CHARACTER_SET_CLIENT=@@CHARACTER_SET_CLIENT */;
/*!40101 SET @OLD_CHARACTER_SET_RESULTS=@@CHARACTER_SET_RESULTS */;
/*!40101 SET @OLD_COLLATION_CONNECTION=@@COLLATION_CONNECTION */;
/*!40101 SET NAMES utf8mb4 */;

--
-- Database: `admi_geez_db`
--

-- --------------------------------------------------------

--
-- Table structure for table `cleaning_locations`
--

CREATE TABLE `cleaning_locations` (
  `location_id` int(11) NOT NULL,
  `name` varchar(100) NOT NULL,
  `description` text DEFAULT NULL,
  `is_active` tinyint(1) NOT NULL DEFAULT 1,
  `created_at` datetime NOT NULL,
  `updated_at` datetime DEFAULT NULL
) ENGINE=InnoDB DEFAULT CHARSET=utf8mb4 COLLATE=utf8mb4_general_ci;

--
-- Dumping data for table `cleaning_locations`
--

INSERT INTO `cleaning_locations` (`location_id`, `name`, `description`, `is_active`, `created_at`, `updated_at`) VALUES
(12, 'Kitchen', 'Establishment: Restaurant, Building: Geez, Kitchen Number: 1', 1, '2025-04-23 01:21:54', '2025-04-23 01:21:54');

-- --------------------------------------------------------

--
-- Table structure for table `cleaning_log`
--

CREATE TABLE `cleaning_log` (
  `log_id` int(11) NOT NULL,
  `task_id` int(11) NOT NULL,
  `location_id` int(11) NOT NULL,
  `completed_date` date NOT NULL,
  `completed_time` time NOT NULL,
  `completed_by_user_id` int(11) NOT NULL,
  `notes` text DEFAULT NULL,
  `is_verified` tinyint(1) NOT NULL DEFAULT 0,
  `verified_by_user_id` int(11) DEFAULT NULL,
  `verified_at` datetime DEFAULT NULL,
  `created_at` datetime NOT NULL,
  `updated_at` datetime DEFAULT NULL
) ENGINE=InnoDB DEFAULT CHARSET=utf8mb4 COLLATE=utf8mb4_general_ci;

-- --------------------------------------------------------

--
-- Table structure for table `cleaning_task`
--

CREATE TABLE `cleaning_task` (
  `task_id` int(11) NOT NULL,
  `location_id` int(11) NOT NULL,
  `description` varchar(255) NOT NULL,
  `frequency` varchar(50) NOT NULL,
  `instructions` text DEFAULT NULL,
  `is_active` tinyint(1) NOT NULL DEFAULT 1,
  `created_at` datetime NOT NULL,
  `updated_at` datetime DEFAULT NULL
) ENGINE=InnoDB DEFAULT CHARSET=utf8mb4 COLLATE=utf8mb4_general_ci;

--
-- Dumping data for table `cleaning_task`
--

INSERT INTO `cleaning_task` (`task_id`, `location_id`, `description`, `frequency`, `instructions`, `is_active`, `created_at`, `updated_at`) VALUES
(1, 12, 'Wash Dirty Dishes, Utensils, Glassware, Pots and Pans', 'Daily', '', 1, '2025-04-25 23:41:16', '2025-04-25 23:41:16'),
(2, 12, 'Thoroughly Clean and Disinfect The Sinks and Taps', 'Daily', '', 1, '2025-04-25 23:42:10', '2025-04-25 23:42:10'),
(3, 12, 'Wash and Sanitize All Counter Tops And Prep Area Surfaces', 'Daily', '', 1, '2025-04-25 23:42:54', '2025-04-25 23:42:54'),
(4, 12, 'Disinfect Touch Points, Light Switches and Handles', 'Daily', '', 1, '2025-04-25 23:43:54', '2025-04-25 23:43:54'),
(5, 12, 'Clean Exterior of Appliances. Check For Spiller Food', 'Daily', '', 1, '2025-04-25 23:45:01', '2025-04-25 23:45:01'),
(6, 12, 'Replace Rags/Cloths and Tea Towels With Clean Ones', 'Daily', '', 1, '2025-04-25 23:46:06', '2025-04-25 23:46:06'),
(7, 12, 'Take out The Rubbish/Trash, Remote Waste and Recycle', 'Daily', '', 1, '2025-04-25 23:46:52', '2025-04-25 23:46:52'),
(8, 12, 'Clean And Disinfect Bins Waste Disposal areas And Trash Cans', 'Daily', '', 1, '2025-04-25 23:47:34', '2025-04-26 00:00:00'),
(9, 12, 'Sweep And Mop Tiled And laminate Floor', 'Daily', '', 1, '2025-04-25 23:48:05', '2025-04-25 23:48:05'),
(10, 12, 'Clean cooker', 'Daily', '', 1, '2025-04-25 23:48:47', '2025-04-25 23:48:47'),
(11, 12, 'Clean Microwave, Including the exterior', 'Daily', '', 1, '2025-04-25 23:49:19', '2025-04-25 23:49:19'),
(12, 12, 'Wipe Down The Wall Wherever there are Spills and Splashes', 'Daily', '', 1, '2025-04-25 23:49:54', '2025-04-25 23:49:54'),
(13, 12, 'Replace Empty Paper Towel Rolls and Cloths Roller Towels', 'Daily', '', 1, '2025-04-25 23:51:27', '2025-04-25 23:51:27'),
(14, 12, 'Refill Soap Dispensers and Hand Sanitizerz', 'Daily', '', 1, '2025-04-25 23:52:36', '2025-04-25 23:52:36'),
(15, 12, 'Clean Cabinets and Pantries', 'Daily', '', 1, '2025-04-25 23:53:34', '2025-04-25 23:53:34'),
(16, 12, 'Sanitize Sponges or Replace Damaged ones with New', 'Daily', '', 1, '2025-04-25 23:54:26', '2025-04-25 23:54:26'),
(17, 12, 'Sort Through Leftover Items in The Fridge/Refrigerator', 'Daily', '', 1, '2025-04-25 23:55:24', '2025-04-25 23:55:24'),
(18, 12, 'Clean out Refrigerator And Wipe Down Shelves And Drawers', 'Daily', '', 1, '2025-04-25 23:56:11', '2025-04-25 23:56:11'),
(19, 12, 'Check Fire Exit Lights And Emergency Lights', 'Daily', '', 1, '2025-04-25 23:57:05', '2025-04-25 23:57:05'),
(20, 12, 'Replace And Change Burned Out Light Bulbs/Broken Lights', 'Daily', '', 1, '2025-04-25 23:57:55', '2025-04-25 23:57:55'),
(21, 12, 'Wash And Clean Doors, Door Frames And Glass', 'Daily', '', 1, '2025-04-26 00:00:51', '2025-04-26 00:00:51'),
(22, 12, 'Pour Drain Cleaner Down Floor And Sink Drains', 'Daily', '', 1, '2025-04-26 00:01:35', '2025-04-26 00:01:35'),
(23, 12, 'Check Cleaning Supplies And Restoke As Necessary', 'Daily', '', 1, '2025-04-26 00:02:11', '2025-04-26 00:02:11'),
(24, 12, 'Sanitize The Tables', 'Daily', '', 1, '2025-04-26 00:02:27', '2025-04-26 00:02:27'),
(25, 12, 'Thoroughly Clean Grouts And Tiles', 'Monthly', '', 1, '2025-04-26 00:07:27', '2025-04-26 00:07:47'),
(26, 12, 'Clean Skirting Boards/Baseboards And Corners', 'Monthly', '', 1, '2025-04-26 00:09:25', '2025-04-26 00:09:25'),
(27, 12, 'Clean Under Refrigerator', 'Monthly', '', 1, '2025-04-26 00:12:24', '2025-04-26 00:12:24'),
(28, 12, 'Inventory. Check What is Outdated and What Needs To Be Restoked', 'Monthly', '', 1, '2025-04-26 00:13:25', '2025-04-26 00:21:45'),
(29, 12, 'Wash And Clean Windows', 'Weekly', '', 1, '2025-04-26 00:14:06', '2025-04-26 14:32:01'),
(30, 12, 'Check Hardware. Door Stops, And Lock Mechanisms', 'Monthly', '', 1, '2025-04-26 00:15:05', '2025-04-26 00:15:05'),
(31, 12, 'Dust and Clean Ceilings, Ceiling Corners and Ceiling Tiels', 'Monthly', '', 1, '2025-04-26 00:16:32', '2025-04-26 00:16:32'),
(32, 12, 'Check For Freezer Items That needs Removing or Restoke', 'Monthly', '', 1, '2025-04-26 00:18:29', '2025-04-26 00:18:29'),
(33, 12, 'Check For Outdated Food in Cabinets and Pantries', 'Monthly', '', 1, '2025-04-26 00:19:09', '2025-04-26 00:19:09'),
(34, 12, 'Disinfect and Clean All The Walls from Top To Bottom', 'Monthly', '', 1, '2025-04-26 00:19:37', '2025-04-26 00:19:37'),
(35, 12, 'Empty Grease Trap', 'Monthly', '', 1, '2025-04-26 00:20:04', '2025-04-26 00:20:04'),
(36, 12, 'Clean Refrigerator Coils to Remove Dust. Unplug First.', 'Monthly', '', 1, '2025-04-26 00:27:02', '2025-04-26 00:27:02');

-- --------------------------------------------------------

--
-- Table structure for table `equipment`
--

CREATE TABLE `equipment` (
  `equipment_id` int(11) NOT NULL,
  `name` varchar(100) NOT NULL,
  `location` varchar(100) NOT NULL,
  `content` varchar(255) DEFAULT NULL COMMENT 'Typical content stored in the equipment',
  `quantity_in_stock` int(11) DEFAULT NULL COMMENT 'Current quantity of items in stock',
  `min_stock_quantity` int(11) DEFAULT NULL COMMENT 'Minimum desired stock quantity',
  `min_temp` decimal(5,1) NOT NULL,
  `max_temp` decimal(5,1) NOT NULL,
  `check_frequency` varchar(50) NOT NULL,
  `is_active` tinyint(1) NOT NULL DEFAULT 1,
  `created_at` datetime NOT NULL,
  `updated_at` datetime DEFAULT NULL
) ENGINE=InnoDB DEFAULT CHARSET=utf8mb4 COLLATE=utf8mb4_general_ci;

--
-- Dumping data for table `equipment`
--

INSERT INTO `equipment` (`equipment_id`, `name`, `location`, `content`, `quantity_in_stock`, `min_stock_quantity`, `min_temp`, `max_temp`, `check_frequency`, `is_active`, `created_at`, `updated_at`) VALUES
(10, 'Kitchen Main Fridge', 'Kitchen', 'Dairy Products, Vegetables and Fresh meat', NULL, NULL, 18.0, 25.0, 'Daily', 1, '2025-04-23 21:26:43', '2025-04-29 20:15:38'),
(11, 'Frozen Fridge', 'Store Room', 'Frozen Vegetables', NULL, NULL, -18.0, -22.0, 'Daily', 1, '2025-04-23 21:27:58', '2025-04-29 20:18:06');

-- --------------------------------------------------------

--
-- Table structure for table `food_waste_log`
--

CREATE TABLE `food_waste_log` (
  `waste_id` int(11) NOT NULL,
  `food_item` varchar(100) NOT NULL,
  `waste_type` varchar(50) NOT NULL,
  `reason` varchar(100) NOT NULL,
  `weight_kg` decimal(8,2) NOT NULL,
  `cost` decimal(10,2) NOT NULL,
  `waste_date` date NOT NULL,
  `action_taken` text DEFAULT NULL,
  `notes` text DEFAULT NULL,
  `recorded_by_user_id` int(11) NOT NULL,
  `created_at` datetime NOT NULL,
  `updated_at` datetime DEFAULT NULL
) ENGINE=InnoDB DEFAULT CHARSET=utf8mb4 COLLATE=utf8mb4_general_ci;

-- --------------------------------------------------------

--
-- Table structure for table `settings`
--

CREATE TABLE `settings` (
  `setting_id` int(11) NOT NULL,
  `setting_key` varchar(50) NOT NULL,
  `setting_value` text DEFAULT NULL,
  `created_at` datetime NOT NULL,
  `updated_at` datetime DEFAULT NULL
) ENGINE=InnoDB DEFAULT CHARSET=utf8mb4 COLLATE=utf8mb4_general_ci;

--
-- Dumping data for table `settings`
--

INSERT INTO `settings` (`setting_id`, `setting_key`, `setting_value`, `created_at`, `updated_at`) VALUES
(1, 'company_name', 'Geez Restaurant', '2025-04-09 02:58:10', NULL),
(2, 'company_address', '123 Main Street, Anytown, USA 12345', '2025-04-09 02:58:10', NULL),
(3, 'date_format', 'Y-m-d', '2025-04-09 02:58:10', NULL),
(4, 'time_format', 'H:i', '2025-04-09 02:58:10', NULL),
(5, 'temperature_unit', 'C', '2025-04-09 02:58:10', NULL),
(6, 'weight_unit', 'kg', '2025-04-09 02:58:10', NULL),
(7, 'currency_symbol', '$', '2025-04-09 02:58:10', NULL),
(8, 'items_per_page', '20', '2025-04-09 02:58:10', NULL),
(9, 'installation_date', '2025-04-09', '2025-04-09 02:58:10', NULL),
(10, 'company_phone', '(555) 123-4567', '2025-04-09 03:00:31', '2025-04-09 03:00:31'),
(11, 'company_email', 'info@geezrestaurant.com', '2025-04-09 03:00:31', '2025-04-09 03:00:31'),
(12, 'enable_notifications', '0', '2025-04-09 03:00:31', '2025-04-09 03:00:31'),
(13, 'maintenance_mode', '0', '2025-04-09 03:00:31', '2025-04-09 03:00:31'),
(14, 'sample_data_installed', '1', '2025-04-09 03:00:31', '2025-04-09 03:00:31');

-- --------------------------------------------------------

--
-- Table structure for table `system_settings`
--

CREATE TABLE `system_settings` (
  `setting_id` int(11) NOT NULL,
  `setting_key` varchar(50) NOT NULL,
  `setting_value` text DEFAULT NULL,
  `created_at` timestamp NOT NULL DEFAULT current_timestamp(),
  `updated_at` timestamp NOT NULL DEFAULT current_timestamp() ON UPDATE current_timestamp()
) ENGINE=InnoDB DEFAULT CHARSET=utf8mb4 COLLATE=utf8mb4_general_ci;

--
-- Dumping data for table `system_settings`
--

INSERT INTO `system_settings` (`setting_id`, `setting_key`, `setting_value`, `created_at`, `updated_at`) VALUES
(1, 'site_name', 'Geez Restaurant Food Hygiene & Safety Management System', '2025-04-09 02:58:24', '2025-04-09 02:58:24'),
(2, 'company_name', 'Geez Restaurant', '2025-04-09 02:58:24', '2025-04-09 02:58:24'),
(3, 'temperature_unit', 'C', '2025-04-09 02:58:24', '2025-04-09 02:58:24'),
(4, 'date_format', 'd/m/Y', '2025-04-09 02:58:24', '2025-04-09 02:58:24'),
(5, 'time_format', 'H:i', '2025-04-09 02:58:24', '2025-04-09 02:58:24'),
(6, 'items_per_page', '20', '2025-04-09 02:58:24', '2025-04-09 02:58:24'),
(7, 'enable_email_notifications', '0', '2025-04-09 02:58:24', '2025-04-09 02:58:24');

-- --------------------------------------------------------

--
-- Table structure for table `temperature_checks`
--

CREATE TABLE `temperature_checks` (
  `check_id` int(11) NOT NULL,
  `equipment_id` int(11) NOT NULL,
  `temperature` decimal(5,1) NOT NULL,
  `is_compliant` tinyint(1) NOT NULL,
  `corrective_action` text DEFAULT NULL,
  `check_date` date NOT NULL,
  `check_time` time NOT NULL,
  `checked_by_user_id` int(11) NOT NULL,
  `created_at` datetime NOT NULL,
  `updated_at` datetime DEFAULT NULL
) ENGINE=InnoDB DEFAULT CHARSET=utf8mb4 COLLATE=utf8mb4_general_ci;

--
-- Dumping data for table `temperature_checks`
--

INSERT INTO `temperature_checks` (`check_id`, `equipment_id`, `temperature`, `is_compliant`, `corrective_action`, `check_date`, `check_time`, `checked_by_user_id`, `created_at`, `updated_at`) VALUES
(1, 10, 21.0, 1, '', '2023-08-12', '10:34:00', 1, '2025-04-29 20:09:35', NULL),
(2, 10, 20.5, 1, '', '2023-08-13', '10:41:00', 1, '2025-04-29 20:42:54', NULL),
(3, 10, 21.8, 1, NULL, '2023-08-12', '22:55:00', 7, '2025-04-29 20:43:24', '2025-04-29 20:43:24'),
(4, 11, -19.0, 1, NULL, '2023-08-12', '22:55:00', 7, '2025-04-29 20:43:24', '2025-04-29 20:43:24'),
(5, 10, 22.9, 1, NULL, '2023-08-13', '22:25:00', 7, '2025-04-29 20:43:24', '2025-04-29 20:43:24'),
(6, 11, -21.0, 1, NULL, '2023-08-13', '22:25:00', 7, '2025-04-29 20:43:24', '2025-04-29 20:43:24'),
(7, 10, 18.8, 1, NULL, '2023-08-14', '22:12:00', 7, '2025-04-29 20:43:24', '2025-04-29 20:43:24'),
(8, 11, -19.0, 1, NULL, '2023-08-14', '22:12:00', 7, '2025-04-29 20:43:24', '2025-04-29 20:43:24'),
(9, 10, 22.4, 1, NULL, '2023-08-15', '22:41:00', 7, '2025-04-29 20:43:24', '2025-04-29 20:43:24'),
(10, 11, -19.0, 1, NULL, '2023-08-15', '22:41:00', 7, '2025-04-29 20:43:24', '2025-04-29 20:43:24'),
(11, 10, 19.2, 1, NULL, '2023-08-16', '22:50:00', 7, '2025-04-29 20:43:24', '2025-04-29 20:43:24'),
(12, 11, -19.0, 1, NULL, '2023-08-16', '22:50:00', 7, '2025-04-29 20:43:24', '2025-04-29 20:43:24'),
(13, 10, 18.9, 1, NULL, '2023-08-17', '22:20:00', 7, '2025-04-29 20:43:24', '2025-04-29 20:43:24'),
(14, 11, -20.0, 1, NULL, '2023-08-17', '22:20:00', 7, '2025-04-29 20:43:24', '2025-04-29 20:43:24'),
(15, 10, 22.7, 1, NULL, '2023-08-18', '22:50:00', 7, '2025-04-29 20:43:24', '2025-04-29 20:43:24'),
(16, 11, -20.0, 1, NULL, '2023-08-18', '22:50:00', 7, '2025-04-29 20:43:24', '2025-04-29 20:43:24'),
(17, 10, 19.0, 1, NULL, '2023-08-19', '22:48:00', 7, '2025-04-29 20:43:24', '2025-04-29 20:43:24'),
(18, 11, -21.0, 1, NULL, '2023-08-19', '22:48:00', 7, '2025-04-29 20:43:24', '2025-04-29 20:43:24'),
(19, 10, 21.5, 1, NULL, '2023-08-20', '22:18:00', 7, '2025-04-29 20:43:24', '2025-04-29 20:43:24'),
(20, 11, -21.0, 1, NULL, '2023-08-20', '22:18:00', 7, '2025-04-29 20:43:24', '2025-04-29 20:43:24'),
(21, 10, 21.7, 1, NULL, '2023-08-21', '22:07:00', 1, '2025-04-29 20:43:24', '2025-04-29 20:43:24'),
(22, 11, -20.0, 1, NULL, '2023-08-21', '22:07:00', 1, '2025-04-29 20:43:24', '2025-04-29 20:43:24'),
(23, 10, 18.1, 1, NULL, '2023-08-22', '22:24:00', 1, '2025-04-29 20:43:24', '2025-04-29 20:43:24'),
(24, 11, -21.0, 1, NULL, '2023-08-22', '22:24:00', 1, '2025-04-29 20:43:24', '2025-04-29 20:43:24'),
(25, 10, 20.5, 1, NULL, '2023-08-23', '22:30:00', 1, '2025-04-29 20:43:24', '2025-04-29 20:43:24'),
(26, 11, -21.0, 1, NULL, '2023-08-23', '22:30:00', 1, '2025-04-29 20:43:24', '2025-04-29 20:43:24'),
(27, 10, 20.7, 1, NULL, '2023-08-24', '22:29:00', 7, '2025-04-29 20:43:24', '2025-04-29 20:43:24'),
(28, 11, -19.0, 1, NULL, '2023-08-24', '22:29:00', 7, '2025-04-29 20:43:24', '2025-04-29 20:43:24'),
(29, 10, 21.3, 1, NULL, '2023-08-25', '22:00:00', 7, '2025-04-29 20:43:24', '2025-04-29 20:43:24'),
(30, 11, -19.0, 1, NULL, '2023-08-25', '22:00:00', 7, '2025-04-29 20:43:24', '2025-04-29 20:43:24'),
(31, 10, 18.9, 1, NULL, '2023-08-26', '22:09:00', 7, '2025-04-29 20:43:24', '2025-04-29 20:43:24'),
(32, 11, -21.0, 1, NULL, '2023-08-26', '22:09:00', 7, '2025-04-29 20:43:24', '2025-04-29 20:43:24'),
(33, 10, 20.2, 1, NULL, '2023-08-27', '22:53:00', 7, '2025-04-29 20:43:24', '2025-04-29 20:43:24'),
(34, 11, -20.0, 1, NULL, '2023-08-27', '22:53:00', 7, '2025-04-29 20:43:24', '2025-04-29 20:43:24'),
(35, 10, 21.9, 1, NULL, '2023-08-28', '22:02:00', 7, '2025-04-29 20:43:24', '2025-04-29 20:43:24'),
(36, 11, -20.0, 1, NULL, '2023-08-28', '22:02:00', 7, '2025-04-29 20:43:24', '2025-04-29 20:43:24'),
(37, 10, 19.7, 1, NULL, '2023-08-29', '22:59:00', 7, '2025-04-29 20:43:24', '2025-04-29 20:43:24'),
(38, 11, -21.0, 1, NULL, '2023-08-29', '22:59:00', 7, '2025-04-29 20:43:24', '2025-04-29 20:43:24'),
(39, 10, 22.6, 1, NULL, '2023-08-30', '22:06:00', 7, '2025-04-29 20:43:24', '2025-04-29 20:43:24'),
(40, 11, -21.0, 1, NULL, '2023-08-30', '22:06:00', 7, '2025-04-29 20:43:24', '2025-04-29 20:43:24'),
(41, 10, 18.2, 1, NULL, '2023-08-31', '22:40:00', 7, '2025-04-29 20:43:24', '2025-04-29 20:43:24'),
(42, 11, -20.0, 1, NULL, '2023-08-31', '22:40:00', 7, '2025-04-29 20:43:24', '2025-04-29 20:43:24'),
(43, 10, 18.1, 1, NULL, '2023-09-01', '22:14:00', 7, '2025-04-29 20:43:24', '2025-04-29 20:43:24'),
(44, 11, -19.0, 1, NULL, '2023-09-01', '22:14:00', 7, '2025-04-29 20:43:24', '2025-04-29 20:43:24'),
(45, 10, 21.2, 1, NULL, '2023-09-02', '22:39:00', 7, '2025-04-29 20:43:24', '2025-04-29 20:43:24'),
(46, 11, -19.0, 1, NULL, '2023-09-02', '22:39:00', 7, '2025-04-29 20:43:24', '2025-04-29 20:43:24'),
(47, 10, 19.5, 1, NULL, '2023-09-03', '22:21:00', 7, '2025-04-29 20:43:24', '2025-04-29 20:43:24'),
(48, 11, -21.0, 1, NULL, '2023-09-03', '22:21:00', 7, '2025-04-29 20:43:24', '2025-04-29 20:43:24'),
(49, 10, 20.9, 1, NULL, '2023-09-04', '22:44:00', 7, '2025-04-29 20:43:24', '2025-04-29 20:43:24'),
(50, 11, -19.0, 1, NULL, '2023-09-04', '22:44:00', 7, '2025-04-29 20:43:24', '2025-04-29 20:43:24'),
(51, 10, 22.9, 1, NULL, '2023-09-05', '22:57:00', 7, '2025-04-29 20:43:24', '2025-04-29 20:43:24'),
(52, 11, -20.0, 1, NULL, '2023-09-05', '22:57:00', 7, '2025-04-29 20:43:24', '2025-04-29 20:43:24'),
(53, 10, 21.7, 1, NULL, '2023-09-06', '22:54:00', 7, '2025-04-29 20:43:24', '2025-04-29 20:43:24'),
(54, 11, -19.0, 1, NULL, '2023-09-06', '22:54:00', 7, '2025-04-29 20:43:24', '2025-04-29 20:43:24'),
(55, 10, 21.7, 1, NULL, '2023-09-07', '22:52:00', 7, '2025-04-29 20:43:24', '2025-04-29 20:43:24'),
(56, 11, -19.0, 1, NULL, '2023-09-07', '22:52:00', 7, '2025-04-29 20:43:24', '2025-04-29 20:43:24'),
(57, 10, 20.8, 1, NULL, '2023-09-08', '22:04:00', 1, '2025-04-29 20:43:24', '2025-04-29 20:43:24'),
(58, 11, -20.0, 1, NULL, '2023-09-08', '22:04:00', 1, '2025-04-29 20:43:24', '2025-04-29 20:43:24'),
(59, 10, 20.0, 1, NULL, '2023-09-09', '22:09:00', 1, '2025-04-29 20:43:24', '2025-04-29 20:43:24'),
(60, 11, -19.0, 1, NULL, '2023-09-09', '22:09:00', 1, '2025-04-29 20:43:24', '2025-04-29 20:43:24'),
(61, 10, 22.8, 1, NULL, '2023-09-10', '22:20:00', 1, '2025-04-29 20:43:24', '2025-04-29 20:43:24'),
(62, 11, -21.0, 1, NULL, '2023-09-10', '22:20:00', 1, '2025-04-29 20:43:24', '2025-04-29 20:43:24'),
(63, 10, 19.0, 1, NULL, '2023-09-11', '22:30:00', 1, '2025-04-29 20:43:24', '2025-04-29 20:43:24'),
(64, 11, -20.0, 1, NULL, '2023-09-11', '22:30:00', 1, '2025-04-29 20:43:24', '2025-04-29 20:43:24'),
(65, 10, 21.5, 1, NULL, '2023-09-12', '22:52:00', 1, '2025-04-29 20:43:24', '2025-04-29 20:43:24'),
(66, 11, -19.0, 1, NULL, '2023-09-12', '22:52:00', 1, '2025-04-29 20:43:24', '2025-04-29 20:43:24'),
(67, 10, 20.5, 1, NULL, '2023-09-13', '22:11:00', 1, '2025-04-29 20:43:24', '2025-04-29 20:43:24'),
(68, 11, -19.0, 1, NULL, '2023-09-13', '22:11:00', 1, '2025-04-29 20:43:24', '2025-04-29 20:43:24'),
(69, 10, 20.2, 1, NULL, '2023-09-14', '22:12:00', 1, '2025-04-29 20:43:24', '2025-04-29 20:43:24'),
(70, 11, -19.0, 1, NULL, '2023-09-14', '22:12:00', 1, '2025-04-29 20:43:24', '2025-04-29 20:43:24'),
(71, 10, 19.5, 1, NULL, '2023-09-15', '22:31:00', 1, '2025-04-29 20:43:24', '2025-04-29 20:43:24'),
(72, 11, -21.0, 1, NULL, '2023-09-15', '22:31:00', 1, '2025-04-29 20:43:24', '2025-04-29 20:43:24'),
(73, 10, 22.0, 1, NULL, '2023-09-16', '22:01:00', 1, '2025-04-29 20:43:24', '2025-04-29 20:43:24'),
(74, 11, -19.0, 1, NULL, '2023-09-16', '22:01:00', 1, '2025-04-29 20:43:24', '2025-04-29 20:43:24'),
(75, 10, 20.6, 1, NULL, '2023-09-17', '22:26:00', 1, '2025-04-29 20:43:24', '2025-04-29 20:43:24'),
(76, 11, -20.0, 1, NULL, '2023-09-17', '22:26:00', 1, '2025-04-29 20:43:24', '2025-04-29 20:43:24'),
(77, 10, 19.2, 1, NULL, '2023-09-18', '22:12:00', 1, '2025-04-29 20:43:24', '2025-04-29 20:43:24'),
(78, 11, -21.0, 1, NULL, '2023-09-18', '22:12:00', 1, '2025-04-29 20:43:24', '2025-04-29 20:43:24'),
(79, 10, 21.8, 1, NULL, '2023-09-19', '22:53:00', 1, '2025-04-29 20:43:24', '2025-04-29 20:43:24'),
(80, 11, -19.0, 1, NULL, '2023-09-19', '22:53:00', 1, '2025-04-29 20:43:24', '2025-04-29 20:43:24'),
(81, 10, 20.6, 1, NULL, '2023-09-20', '22:03:00', 7, '2025-04-29 20:43:24', '2025-04-29 20:43:24'),
(82, 11, -19.0, 1, NULL, '2023-09-20', '22:03:00', 7, '2025-04-29 20:43:24', '2025-04-29 20:43:24'),
(83, 10, 21.1, 1, NULL, '2023-09-21', '22:12:00', 7, '2025-04-29 20:43:24', '2025-04-29 20:43:24'),
(84, 11, -21.0, 1, NULL, '2023-09-21', '22:12:00', 7, '2025-04-29 20:43:24', '2025-04-29 20:43:24'),
(85, 10, 20.9, 1, NULL, '2023-09-22', '22:49:00', 7, '2025-04-29 20:43:24', '2025-04-29 20:43:24'),
(86, 11, -21.0, 1, NULL, '2023-09-22', '22:49:00', 7, '2025-04-29 20:43:24', '2025-04-29 20:43:24'),
(87, 10, 21.7, 1, NULL, '2023-09-23', '22:55:00', 5, '2025-04-29 20:43:24', '2025-04-29 20:43:24'),
(88, 11, -21.0, 1, NULL, '2023-09-23', '22:55:00', 5, '2025-04-29 20:43:24', '2025-04-29 20:43:24'),
(89, 10, 21.1, 1, NULL, '2023-09-24', '22:37:00', 5, '2025-04-29 20:43:24', '2025-04-29 20:43:24'),
(90, 11, -21.0, 1, NULL, '2023-09-24', '22:37:00', 5, '2025-04-29 20:43:24', '2025-04-29 20:43:24'),
(91, 10, 19.7, 1, NULL, '2023-09-25', '22:59:00', 5, '2025-04-29 20:43:24', '2025-04-29 20:43:24'),
(92, 11, -19.0, 1, NULL, '2023-09-25', '22:59:00', 5, '2025-04-29 20:43:24', '2025-04-29 20:43:24'),
(93, 10, 18.1, 1, NULL, '2023-09-26', '22:35:00', 7, '2025-04-29 20:43:24', '2025-04-29 20:43:24'),
(94, 11, -20.0, 1, NULL, '2023-09-26', '22:35:00', 7, '2025-04-29 20:43:24', '2025-04-29 20:43:24'),
(95, 10, 18.6, 1, NULL, '2023-09-27', '22:43:00', 7, '2025-04-29 20:43:24', '2025-04-29 20:43:24'),
(96, 11, -19.0, 1, NULL, '2023-09-27', '22:43:00', 7, '2025-04-29 20:43:24', '2025-04-29 20:43:24'),
(97, 10, 18.8, 1, NULL, '2023-09-28', '22:30:00', 7, '2025-04-29 20:43:24', '2025-04-29 20:43:24'),
(98, 11, -20.0, 1, NULL, '2023-09-28', '22:30:00', 7, '2025-04-29 20:43:24', '2025-04-29 20:43:24'),
(99, 10, 21.6, 1, NULL, '2023-09-29', '22:56:00', 1, '2025-04-29 20:43:24', '2025-04-29 20:43:24'),
(100, 11, -19.0, 1, NULL, '2023-09-29', '22:56:00', 1, '2025-04-29 20:43:24', '2025-04-29 20:43:24'),
(101, 10, 21.9, 1, NULL, '2023-09-30', '22:48:00', 1, '2025-04-29 20:43:24', '2025-04-29 20:43:24'),
(102, 11, -20.0, 1, NULL, '2023-09-30', '22:48:00', 1, '2025-04-29 20:43:24', '2025-04-29 20:43:24'),
(103, 10, 20.4, 1, NULL, '2023-10-01', '22:20:00', 1, '2025-04-29 20:43:24', '2025-04-29 20:43:24'),
(104, 11, -19.0, 1, NULL, '2023-10-01', '22:20:00', 1, '2025-04-29 20:43:24', '2025-04-29 20:43:24'),
(105, 10, 20.5, 1, NULL, '2023-10-02', '22:18:00', 5, '2025-04-29 20:43:24', '2025-04-29 20:43:24'),
(106, 11, -19.0, 1, NULL, '2023-10-02', '22:18:00', 5, '2025-04-29 20:43:24', '2025-04-29 20:43:24'),
(107, 10, 20.0, 1, NULL, '2023-10-03', '22:11:00', 5, '2025-04-29 20:43:24', '2025-04-29 20:43:24'),
(108, 11, -19.0, 1, NULL, '2023-10-03', '22:11:00', 5, '2025-04-29 20:43:24', '2025-04-29 20:43:24'),
(109, 10, 19.8, 1, NULL, '2023-10-04', '22:32:00', 5, '2025-04-29 20:43:24', '2025-04-29 20:43:24'),
(110, 11, -20.0, 1, NULL, '2023-10-04', '22:32:00', 5, '2025-04-29 20:43:24', '2025-04-29 20:43:24'),
(111, 10, 19.4, 1, NULL, '2023-10-05', '22:21:00', 7, '2025-04-29 20:43:24', '2025-04-29 20:43:24'),
(112, 11, -21.0, 1, NULL, '2023-10-05', '22:21:00', 7, '2025-04-29 20:43:24', '2025-04-29 20:43:24'),
(113, 10, 18.4, 1, NULL, '2023-10-06', '22:18:00', 7, '2025-04-29 20:43:24', '2025-04-29 20:43:24'),
(114, 11, -20.0, 1, NULL, '2023-10-06', '22:18:00', 7, '2025-04-29 20:43:24', '2025-04-29 20:43:24'),
(115, 10, 20.2, 1, NULL, '2023-10-07', '22:27:00', 7, '2025-04-29 20:43:24', '2025-04-29 20:43:24'),
(116, 11, -20.0, 1, NULL, '2023-10-07', '22:27:00', 7, '2025-04-29 20:43:24', '2025-04-29 20:43:24'),
(117, 10, 19.3, 1, NULL, '2023-10-08', '22:36:00', 1, '2025-04-29 20:43:24', '2025-04-29 20:43:24'),
(118, 11, -20.0, 1, NULL, '2023-10-08', '22:36:00', 1, '2025-04-29 20:43:24', '2025-04-29 20:43:24'),
(119, 10, 23.0, 1, NULL, '2023-10-09', '22:53:00', 1, '2025-04-29 20:43:24', '2025-04-29 20:43:24'),
(120, 11, -20.0, 1, NULL, '2023-10-09', '22:53:00', 1, '2025-04-29 20:43:24', '2025-04-29 20:43:24'),
(121, 10, 20.1, 1, NULL, '2023-10-10', '22:49:00', 1, '2025-04-29 20:43:24', '2025-04-29 20:43:24'),
(122, 11, -21.0, 1, NULL, '2023-10-10', '22:49:00', 1, '2025-04-29 20:43:24', '2025-04-29 20:43:24'),
(123, 10, 18.2, 1, NULL, '2023-10-11', '22:43:00', 5, '2025-04-29 20:43:24', '2025-04-29 20:43:24'),
(124, 11, -21.0, 1, NULL, '2023-10-11', '22:43:00', 5, '2025-04-29 20:43:24', '2025-04-29 20:43:24'),
(125, 10, 20.8, 1, NULL, '2023-10-12', '22:40:00', 5, '2025-04-29 20:43:24', '2025-04-29 20:43:24'),
(126, 11, -21.0, 1, NULL, '2023-10-12', '22:40:00', 5, '2025-04-29 20:43:24', '2025-04-29 20:43:24'),
(127, 10, 18.3, 1, NULL, '2023-10-13', '22:36:00', 5, '2025-04-29 20:43:24', '2025-04-29 20:43:24'),
(128, 11, -21.0, 1, NULL, '2023-10-13', '22:36:00', 5, '2025-04-29 20:43:24', '2025-04-29 20:43:24'),
(129, 10, 22.1, 1, NULL, '2023-10-14', '22:50:00', 1, '2025-04-29 20:43:24', '2025-04-29 20:43:24'),
(130, 11, -20.0, 1, NULL, '2023-10-14', '22:50:00', 1, '2025-04-29 20:43:24', '2025-04-29 20:43:24'),
(131, 10, 18.6, 1, NULL, '2023-10-15', '22:23:00', 1, '2025-04-29 20:43:24', '2025-04-29 20:43:24'),
(132, 11, -19.0, 1, NULL, '2023-10-15', '22:23:00', 1, '2025-04-29 20:43:24', '2025-04-29 20:43:24'),
(133, 10, 22.8, 1, NULL, '2023-10-16', '22:51:00', 1, '2025-04-29 20:43:24', '2025-04-29 20:43:24'),
(134, 11, -20.0, 1, NULL, '2023-10-16', '22:51:00', 1, '2025-04-29 20:43:24', '2025-04-29 20:43:24'),
(135, 10, 19.4, 1, NULL, '2023-10-17', '22:23:00', 7, '2025-04-29 20:43:24', '2025-04-29 20:43:24'),
(136, 11, -21.0, 1, NULL, '2023-10-17', '22:23:00', 7, '2025-04-29 20:43:24', '2025-04-29 20:43:24'),
(137, 10, 18.8, 1, NULL, '2023-10-18', '22:53:00', 7, '2025-04-29 20:43:24', '2025-04-29 20:43:24'),
(138, 11, -20.0, 1, NULL, '2023-10-18', '22:53:00', 7, '2025-04-29 20:43:24', '2025-04-29 20:43:24'),
(139, 10, 20.0, 1, NULL, '2023-10-19', '22:13:00', 7, '2025-04-29 20:43:24', '2025-04-29 20:43:24'),
(140, 11, -19.0, 1, NULL, '2023-10-19', '22:13:00', 7, '2025-04-29 20:43:24', '2025-04-29 20:43:24'),
(141, 10, 18.4, 1, NULL, '2023-10-20', '22:32:00', 6, '2025-04-29 20:43:24', '2025-04-29 20:43:24'),
(142, 11, -21.0, 1, NULL, '2023-10-20', '22:32:00', 6, '2025-04-29 20:43:24', '2025-04-29 20:43:24'),
(143, 10, 23.0, 1, NULL, '2023-10-21', '22:32:00', 6, '2025-04-29 20:43:24', '2025-04-29 20:43:24'),
(144, 11, -19.0, 1, NULL, '2023-10-21', '22:32:00', 6, '2025-04-29 20:43:24', '2025-04-29 20:43:24'),
(145, 10, 20.1, 1, NULL, '2023-10-22', '22:59:00', 6, '2025-04-29 20:43:24', '2025-04-29 20:43:24'),
(146, 11, -21.0, 1, NULL, '2023-10-22', '22:59:00', 6, '2025-04-29 20:43:24', '2025-04-29 20:43:24'),
(147, 10, 18.6, 1, NULL, '2023-10-23', '22:16:00', 7, '2025-04-29 20:43:24', '2025-04-29 20:43:24'),
(148, 11, -19.0, 1, NULL, '2023-10-23', '22:16:00', 7, '2025-04-29 20:43:24', '2025-04-29 20:43:24'),
(149, 10, 19.1, 1, NULL, '2023-10-24', '22:29:00', 7, '2025-04-29 20:43:24', '2025-04-29 20:43:24'),
(150, 11, -20.0, 1, NULL, '2023-10-24', '22:29:00', 7, '2025-04-29 20:43:24', '2025-04-29 20:43:24'),
(151, 10, 18.1, 1, NULL, '2023-10-25', '22:30:00', 7, '2025-04-29 20:43:24', '2025-04-29 20:43:24'),
(152, 11, -20.0, 1, NULL, '2023-10-25', '22:30:00', 7, '2025-04-29 20:43:24', '2025-04-29 20:43:24'),
(153, 10, 20.2, 1, NULL, '2023-10-26', '22:33:00', 7, '2025-04-29 20:43:24', '2025-04-29 20:43:24'),
(154, 11, -20.0, 1, NULL, '2023-10-26', '22:33:00', 7, '2025-04-29 20:43:24', '2025-04-29 20:43:24'),
(155, 10, 18.3, 1, NULL, '2023-10-27', '22:11:00', 7, '2025-04-29 20:43:24', '2025-04-29 20:43:24'),
(156, 11, -19.0, 1, NULL, '2023-10-27', '22:11:00', 7, '2025-04-29 20:43:24', '2025-04-29 20:43:24'),
(157, 10, 22.3, 1, NULL, '2023-10-28', '22:37:00', 7, '2025-04-29 20:43:24', '2025-04-29 20:43:24'),
(158, 11, -21.0, 1, NULL, '2023-10-28', '22:37:00', 7, '2025-04-29 20:43:24', '2025-04-29 20:43:24'),
(159, 10, 21.8, 1, NULL, '2023-10-29', '22:51:00', 1, '2025-04-29 20:43:24', '2025-04-29 20:43:24'),
(160, 11, -20.0, 1, NULL, '2023-10-29', '22:51:00', 1, '2025-04-29 20:43:24', '2025-04-29 20:43:24'),
(161, 10, 21.7, 1, NULL, '2023-10-30', '22:56:00', 1, '2025-04-29 20:43:24', '2025-04-29 20:43:24'),
(162, 11, -20.0, 1, NULL, '2023-10-30', '22:56:00', 1, '2025-04-29 20:43:24', '2025-04-29 20:43:24'),
(163, 10, 20.5, 1, NULL, '2023-10-31', '22:19:00', 1, '2025-04-29 20:43:24', '2025-04-29 20:43:24'),
(164, 11, -19.0, 1, NULL, '2023-10-31', '22:19:00', 1, '2025-04-29 20:43:24', '2025-04-29 20:43:24'),
(165, 10, 18.2, 1, NULL, '2023-11-01', '22:46:00', 5, '2025-04-29 20:43:24', '2025-04-29 20:43:24'),
(166, 11, -19.0, 1, NULL, '2023-11-01', '22:46:00', 5, '2025-04-29 20:43:24', '2025-04-29 20:43:24'),
(167, 10, 20.7, 1, NULL, '2023-11-02', '22:02:00', 5, '2025-04-29 20:43:24', '2025-04-29 20:43:24'),
(168, 11, -21.0, 1, NULL, '2023-11-02', '22:02:00', 5, '2025-04-29 20:43:24', '2025-04-29 20:43:24'),
(169, 10, 22.4, 1, NULL, '2023-11-03', '22:53:00', 5, '2025-04-29 20:43:24', '2025-04-29 20:43:24'),
(170, 11, -19.0, 1, NULL, '2023-11-03', '22:53:00', 5, '2025-04-29 20:43:24', '2025-04-29 20:43:24'),
(171, 10, 22.8, 1, NULL, '2023-11-04', '22:53:00', 7, '2025-04-29 20:43:24', '2025-04-29 20:43:24'),
(172, 11, -19.0, 1, NULL, '2023-11-04', '22:53:00', 7, '2025-04-29 20:43:24', '2025-04-29 20:43:24'),
(173, 10, 20.0, 1, NULL, '2023-11-05', '22:04:00', 7, '2025-04-29 20:43:24', '2025-04-29 20:43:24'),
(174, 11, -21.0, 1, NULL, '2023-11-05', '22:04:00', 7, '2025-04-29 20:43:24', '2025-04-29 20:43:24'),
(175, 10, 20.1, 1, NULL, '2023-11-06', '22:01:00', 7, '2025-04-29 20:43:24', '2025-04-29 20:43:24'),
(176, 11, -19.0, 1, NULL, '2023-11-06', '22:01:00', 7, '2025-04-29 20:43:24', '2025-04-29 20:43:24'),
(177, 10, 22.4, 1, NULL, '2023-11-07', '22:29:00', 7, '2025-04-29 20:43:24', '2025-04-29 20:43:24'),
(178, 11, -19.0, 1, NULL, '2023-11-07', '22:29:00', 7, '2025-04-29 20:43:24', '2025-04-29 20:43:24'),
(179, 10, 18.4, 1, NULL, '2023-11-08', '22:18:00', 7, '2025-04-29 20:43:24', '2025-04-29 20:43:24'),
(180, 11, -21.0, 1, NULL, '2023-11-08', '22:18:00', 7, '2025-04-29 20:43:24', '2025-04-29 20:43:24'),
(181, 10, 20.6, 1, NULL, '2023-11-09', '22:00:00', 7, '2025-04-29 20:43:24', '2025-04-29 20:43:24'),
(182, 11, -19.0, 1, NULL, '2023-11-09', '22:00:00', 7, '2025-04-29 20:43:24', '2025-04-29 20:43:24'),
(183, 10, 19.9, 1, NULL, '2023-11-10', '22:05:00', 1, '2025-04-29 20:43:24', '2025-04-29 20:43:24'),
(184, 11, -19.0, 1, NULL, '2023-11-10', '22:05:00', 1, '2025-04-29 20:43:24', '2025-04-29 20:43:24'),
(185, 10, 18.0, 1, NULL, '2023-11-11', '22:26:00', 1, '2025-04-29 20:43:24', '2025-04-29 20:43:24'),
(186, 11, -19.0, 1, NULL, '2023-11-11', '22:26:00', 1, '2025-04-29 20:43:24', '2025-04-29 20:43:24'),
(187, 10, 21.1, 1, NULL, '2023-11-12', '22:49:00', 1, '2025-04-29 20:43:24', '2025-04-29 20:43:24'),
(188, 11, -21.0, 1, NULL, '2023-11-12', '22:49:00', 1, '2025-04-29 20:43:24', '2025-04-29 20:43:24'),
(189, 10, 21.3, 1, NULL, '2023-11-13', '22:11:00', 7, '2025-04-29 20:43:24', '2025-04-29 20:43:24'),
(190, 11, -21.0, 1, NULL, '2023-11-13', '22:11:00', 7, '2025-04-29 20:43:24', '2025-04-29 20:43:24'),
(191, 10, 18.8, 1, NULL, '2023-11-14', '22:57:00', 7, '2025-04-29 20:43:24', '2025-04-29 20:43:24'),
(192, 11, -20.0, 1, NULL, '2023-11-14', '22:57:00', 7, '2025-04-29 20:43:24', '2025-04-29 20:43:24'),
(193, 10, 19.2, 1, NULL, '2023-11-15', '22:07:00', 7, '2025-04-29 20:43:24', '2025-04-29 20:43:24'),
(194, 11, -20.0, 1, NULL, '2023-11-15', '22:07:00', 7, '2025-04-29 20:43:24', '2025-04-29 20:43:24'),
(195, 10, 21.3, 1, NULL, '2023-11-16', '22:03:00', 5, '2025-04-29 20:43:24', '2025-04-29 20:43:24'),
(196, 11, -21.0, 1, NULL, '2023-11-16', '22:03:00', 5, '2025-04-29 20:43:24', '2025-04-29 20:43:24'),
(197, 10, 21.9, 1, NULL, '2023-11-17', '22:04:00', 5, '2025-04-29 20:43:24', '2025-04-29 20:43:24'),
(198, 11, -21.0, 1, NULL, '2023-11-17', '22:04:00', 5, '2025-04-29 20:43:24', '2025-04-29 20:43:24'),
(199, 10, 21.8, 1, NULL, '2023-11-18', '22:53:00', 5, '2025-04-29 20:43:24', '2025-04-29 20:43:24'),
(200, 11, -21.0, 1, NULL, '2023-11-18', '22:53:00', 5, '2025-04-29 20:43:24', '2025-04-29 20:43:24'),
(201, 10, 22.1, 1, NULL, '2023-11-19', '22:05:00', 6, '2025-04-29 20:43:24', '2025-04-29 20:43:24'),
(202, 11, -20.0, 1, NULL, '2023-11-19', '22:05:00', 6, '2025-04-29 20:43:24', '2025-04-29 20:43:24'),
(203, 10, 22.8, 1, NULL, '2023-11-20', '22:31:00', 6, '2025-04-29 20:43:24', '2025-04-29 20:43:24'),
(204, 11, -20.0, 1, NULL, '2023-11-20', '22:31:00', 6, '2025-04-29 20:43:24', '2025-04-29 20:43:24'),
(205, 10, 21.2, 1, NULL, '2023-11-21', '22:28:00', 6, '2025-04-29 20:43:24', '2025-04-29 20:43:24'),
(206, 11, -21.0, 1, NULL, '2023-11-21', '22:28:00', 6, '2025-04-29 20:43:24', '2025-04-29 20:43:24'),
(207, 10, 22.9, 1, NULL, '2023-11-22', '22:43:00', 7, '2025-04-29 20:43:24', '2025-04-29 20:43:24'),
(208, 11, -20.0, 1, NULL, '2023-11-22', '22:43:00', 7, '2025-04-29 20:43:24', '2025-04-29 20:43:24'),
(209, 10, 21.0, 1, NULL, '2023-11-23', '22:19:00', 7, '2025-04-29 20:43:24', '2025-04-29 20:43:24'),
(210, 11, -21.0, 1, NULL, '2023-11-23', '22:19:00', 7, '2025-04-29 20:43:24', '2025-04-29 20:43:24'),
(211, 10, 18.5, 1, NULL, '2023-11-24', '22:31:00', 7, '2025-04-29 20:43:24', '2025-04-29 20:43:24'),
(212, 11, -21.0, 1, NULL, '2023-11-24', '22:31:00', 7, '2025-04-29 20:43:24', '2025-04-29 20:43:24'),
(213, 10, 19.6, 1, NULL, '2023-11-25', '22:17:00', 5, '2025-04-29 20:43:24', '2025-04-29 20:43:24'),
(214, 11, -20.0, 1, NULL, '2023-11-25', '22:17:00', 5, '2025-04-29 20:43:24', '2025-04-29 20:43:24'),
(215, 10, 20.4, 1, NULL, '2023-11-26', '22:58:00', 5, '2025-04-29 20:43:24', '2025-04-29 20:43:24'),
(216, 11, -21.0, 1, NULL, '2023-11-26', '22:58:00', 5, '2025-04-29 20:43:24', '2025-04-29 20:43:24'),
(217, 10, 18.9, 1, NULL, '2023-11-27', '22:30:00', 5, '2025-04-29 20:43:24', '2025-04-29 20:43:24'),
(218, 11, -20.0, 1, NULL, '2023-11-27', '22:30:00', 5, '2025-04-29 20:43:24', '2025-04-29 20:43:24'),
(219, 10, 18.3, 1, NULL, '2023-11-28', '22:25:00', 1, '2025-04-29 20:43:24', '2025-04-29 20:43:24'),
(220, 11, -20.0, 1, NULL, '2023-11-28', '22:25:00', 1, '2025-04-29 20:43:24', '2025-04-29 20:43:24'),
(221, 10, 18.2, 1, NULL, '2023-11-29', '22:49:00', 1, '2025-04-29 20:43:24', '2025-04-29 20:43:24'),
(222, 11, -20.0, 1, NULL, '2023-11-29', '22:49:00', 1, '2025-04-29 20:43:24', '2025-04-29 20:43:24'),
(223, 10, 22.1, 1, NULL, '2023-11-30', '22:20:00', 1, '2025-04-29 20:43:24', '2025-04-29 20:43:24'),
(224, 11, -19.0, 1, NULL, '2023-11-30', '22:20:00', 1, '2025-04-29 20:43:24', '2025-04-29 20:43:24'),
(225, 10, 22.6, 1, NULL, '2023-12-01', '22:01:00', 1, '2025-04-29 20:43:24', '2025-04-29 20:43:24'),
(226, 11, -21.0, 1, NULL, '2023-12-01', '22:01:00', 1, '2025-04-29 20:43:24', '2025-04-29 20:43:24'),
(227, 10, 21.1, 1, NULL, '2023-12-02', '22:18:00', 1, '2025-04-29 20:43:24', '2025-04-29 20:43:24'),
(228, 11, -21.0, 1, NULL, '2023-12-02', '22:18:00', 1, '2025-04-29 20:43:24', '2025-04-29 20:43:24'),
(229, 10, 19.0, 1, NULL, '2023-12-03', '22:15:00', 1, '2025-04-29 20:43:24', '2025-04-29 20:43:24'),
(230, 11, -21.0, 1, NULL, '2023-12-03', '22:15:00', 1, '2025-04-29 20:43:24', '2025-04-29 20:43:24'),
(231, 10, 22.8, 1, NULL, '2023-12-04', '22:14:00', 1, '2025-04-29 20:43:24', '2025-04-29 20:43:24'),
(232, 11, -19.0, 1, NULL, '2023-12-04', '22:14:00', 1, '2025-04-29 20:43:24', '2025-04-29 20:43:24'),
(233, 10, 18.1, 1, NULL, '2023-12-05', '22:50:00', 1, '2025-04-29 20:43:24', '2025-04-29 20:43:24'),
(234, 11, -19.0, 1, NULL, '2023-12-05', '22:50:00', 1, '2025-04-29 20:43:24', '2025-04-29 20:43:24'),
(235, 10, 22.5, 1, NULL, '2023-12-06', '22:11:00', 1, '2025-04-29 20:43:24', '2025-04-29 20:43:24'),
(236, 11, -19.0, 1, NULL, '2023-12-06', '22:11:00', 1, '2025-04-29 20:43:24', '2025-04-29 20:43:24'),
(237, 10, 22.7, 1, NULL, '2023-12-07', '22:21:00', 7, '2025-04-29 20:43:24', '2025-04-29 20:43:24'),
(238, 11, -21.0, 1, NULL, '2023-12-07', '22:21:00', 7, '2025-04-29 20:43:24', '2025-04-29 20:43:24'),
(239, 10, 21.5, 1, NULL, '2023-12-08', '22:57:00', 7, '2025-04-29 20:43:24', '2025-04-29 20:43:24'),
(240, 11, -21.0, 1, NULL, '2023-12-08', '22:57:00', 7, '2025-04-29 20:43:24', '2025-04-29 20:43:24'),
(241, 10, 20.7, 1, NULL, '2023-12-09', '22:07:00', 7, '2025-04-29 20:43:24', '2025-04-29 20:43:24'),
(242, 11, -20.0, 1, NULL, '2023-12-09', '22:07:00', 7, '2025-04-29 20:43:24', '2025-04-29 20:43:24'),
(243, 10, 20.4, 1, NULL, '2023-12-10', '22:18:00', 7, '2025-04-29 20:43:24', '2025-04-29 20:43:24'),
(244, 11, -21.0, 1, NULL, '2023-12-10', '22:18:00', 7, '2025-04-29 20:43:24', '2025-04-29 20:43:24'),
(245, 10, 20.4, 1, NULL, '2023-12-11', '22:40:00', 7, '2025-04-29 20:43:24', '2025-04-29 20:43:24'),
(246, 11, -19.0, 1, NULL, '2023-12-11', '22:40:00', 7, '2025-04-29 20:43:24', '2025-04-29 20:43:24'),
(247, 10, 22.6, 1, NULL, '2023-12-12', '22:14:00', 7, '2025-04-29 20:43:24', '2025-04-29 20:43:24'),
(248, 11, -19.0, 1, NULL, '2023-12-12', '22:14:00', 7, '2025-04-29 20:43:24', '2025-04-29 20:43:24'),
(249, 10, 19.8, 1, NULL, '2023-12-13', '22:09:00', 1, '2025-04-29 20:43:24', '2025-04-29 20:43:24'),
(250, 11, -20.0, 1, NULL, '2023-12-13', '22:09:00', 1, '2025-04-29 20:43:24', '2025-04-29 20:43:24'),
(251, 10, 20.6, 1, NULL, '2023-12-14', '22:34:00', 1, '2025-04-29 20:43:24', '2025-04-29 20:43:24'),
(252, 11, -21.0, 1, NULL, '2023-12-14', '22:34:00', 1, '2025-04-29 20:43:24', '2025-04-29 20:43:24'),
(253, 10, 21.6, 1, NULL, '2023-12-15', '22:04:00', 1, '2025-04-29 20:43:24', '2025-04-29 20:43:24'),
(254, 11, -21.0, 1, NULL, '2023-12-15', '22:04:00', 1, '2025-04-29 20:43:24', '2025-04-29 20:43:24'),
(255, 10, 19.7, 1, NULL, '2023-12-16', '22:46:00', 5, '2025-04-29 20:43:24', '2025-04-29 20:43:24'),
(256, 11, -19.0, 1, NULL, '2023-12-16', '22:46:00', 5, '2025-04-29 20:43:24', '2025-04-29 20:43:24'),
(257, 10, 19.3, 1, NULL, '2023-12-17', '22:52:00', 5, '2025-04-29 20:43:24', '2025-04-29 20:43:24'),
(258, 11, -19.0, 1, NULL, '2023-12-17', '22:52:00', 5, '2025-04-29 20:43:24', '2025-04-29 20:43:24'),
(259, 10, 19.2, 1, NULL, '2023-12-18', '22:12:00', 5, '2025-04-29 20:43:24', '2025-04-29 20:43:24'),
(260, 11, -20.0, 1, NULL, '2023-12-18', '22:12:00', 5, '2025-04-29 20:43:24', '2025-04-29 20:43:24'),
(261, 10, 19.1, 1, NULL, '2023-12-19', '22:50:00', 7, '2025-04-29 20:43:24', '2025-04-29 20:43:24'),
(262, 11, -20.0, 1, NULL, '2023-12-19', '22:50:00', 7, '2025-04-29 20:43:24', '2025-04-29 20:43:24'),
(263, 10, 18.4, 1, NULL, '2023-12-20', '22:19:00', 7, '2025-04-29 20:43:24', '2025-04-29 20:43:24'),
(264, 11, -19.0, 1, NULL, '2023-12-20', '22:19:00', 7, '2025-04-29 20:43:24', '2025-04-29 20:43:24'),
(265, 10, 22.1, 1, NULL, '2023-12-21', '22:34:00', 7, '2025-04-29 20:43:24', '2025-04-29 20:43:24'),
(266, 11, -20.0, 1, NULL, '2023-12-21', '22:34:00', 7, '2025-04-29 20:43:24', '2025-04-29 20:43:24'),
(267, 10, 20.2, 1, NULL, '2023-12-22', '22:52:00', 7, '2025-04-29 20:43:24', '2025-04-29 20:43:24'),
(268, 11, -20.0, 1, NULL, '2023-12-22', '22:52:00', 7, '2025-04-29 20:43:24', '2025-04-29 20:43:24'),
(269, 10, 18.4, 1, NULL, '2023-12-23', '22:49:00', 7, '2025-04-29 20:43:24', '2025-04-29 20:43:24'),
(270, 11, -19.0, 1, NULL, '2023-12-23', '22:49:00', 7, '2025-04-29 20:43:24', '2025-04-29 20:43:24'),
(271, 10, 19.4, 1, NULL, '2023-12-24', '22:29:00', 7, '2025-04-29 20:43:24', '2025-04-29 20:43:24'),
(272, 11, -19.0, 1, NULL, '2023-12-24', '22:29:00', 7, '2025-04-29 20:43:24', '2025-04-29 20:43:24'),
(273, 10, 18.3, 1, NULL, '2023-12-25', '22:53:00', 1, '2025-04-29 20:43:24', '2025-04-29 20:43:24'),
(274, 11, -21.0, 1, NULL, '2023-12-25', '22:53:00', 1, '2025-04-29 20:43:24', '2025-04-29 20:43:24'),
(275, 10, 19.5, 1, NULL, '2023-12-26', '22:19:00', 1, '2025-04-29 20:43:24', '2025-04-29 20:43:24'),
(276, 11, -19.0, 1, NULL, '2023-12-26', '22:19:00', 1, '2025-04-29 20:43:24', '2025-04-29 20:43:24'),
(277, 10, 20.5, 1, NULL, '2023-12-27', '22:02:00', 1, '2025-04-29 20:43:24', '2025-04-29 20:43:24'),
(278, 11, -19.0, 1, NULL, '2023-12-27', '22:02:00', 1, '2025-04-29 20:43:24', '2025-04-29 20:43:24'),
(279, 10, 20.5, 1, NULL, '2023-12-28', '22:01:00', 7, '2025-04-29 20:43:24', '2025-04-29 20:43:24'),
(280, 11, -20.0, 1, NULL, '2023-12-28', '22:01:00', 7, '2025-04-29 20:43:24', '2025-04-29 20:43:24'),
(281, 10, 19.8, 1, NULL, '2023-12-29', '22:27:00', 7, '2025-04-29 20:43:24', '2025-04-29 20:43:24'),
(282, 11, -19.0, 1, NULL, '2023-12-29', '22:27:00', 7, '2025-04-29 20:43:24', '2025-04-29 20:43:24'),
(283, 10, 20.2, 1, NULL, '2023-12-30', '22:22:00', 7, '2025-04-29 20:43:24', '2025-04-29 20:43:24'),
(284, 11, -21.0, 1, NULL, '2023-12-30', '22:22:00', 7, '2025-04-29 20:43:24', '2025-04-29 20:43:24'),
(285, 10, 19.2, 1, NULL, '2023-12-31', '22:53:00', 7, '2025-04-29 20:43:24', '2025-04-29 20:43:24'),
(286, 11, -21.0, 1, NULL, '2023-12-31', '22:53:00', 7, '2025-04-29 20:43:24', '2025-04-29 20:43:24'),
(287, 10, 18.0, 1, NULL, '2024-01-01', '22:28:00', 7, '2025-04-29 20:43:24', '2025-04-29 20:43:24'),
(288, 11, -21.0, 1, NULL, '2024-01-01', '22:28:00', 7, '2025-04-29 20:43:24', '2025-04-29 20:43:24'),
(289, 10, 20.5, 1, NULL, '2024-01-02', '22:34:00', 7, '2025-04-29 20:43:24', '2025-04-29 20:43:24'),
(290, 11, -19.0, 1, NULL, '2024-01-02', '22:34:00', 7, '2025-04-29 20:43:24', '2025-04-29 20:43:24'),
(291, 10, 19.0, 1, NULL, '2024-01-03', '22:57:00', 7, '2025-04-29 20:43:24', '2025-04-29 20:43:24'),
(292, 11, -20.0, 1, NULL, '2024-01-03', '22:57:00', 7, '2025-04-29 20:43:24', '2025-04-29 20:43:24'),
(293, 10, 20.6, 1, NULL, '2024-01-04', '22:04:00', 7, '2025-04-29 20:43:24', '2025-04-29 20:43:24'),
(294, 11, -20.0, 1, NULL, '2024-01-04', '22:04:00', 7, '2025-04-29 20:43:24', '2025-04-29 20:43:24'),
(295, 10, 19.6, 1, NULL, '2024-01-05', '22:09:00', 7, '2025-04-29 20:43:24', '2025-04-29 20:43:24'),
(296, 11, -20.0, 1, NULL, '2024-01-05', '22:09:00', 7, '2025-04-29 20:43:24', '2025-04-29 20:43:24'),
(297, 10, 18.3, 1, NULL, '2024-01-06', '22:59:00', 1, '2025-04-29 20:43:24', '2025-04-29 20:43:24'),
(298, 11, -20.0, 1, NULL, '2024-01-06', '22:59:00', 1, '2025-04-29 20:43:24', '2025-04-29 20:43:24'),
(299, 10, 22.2, 1, NULL, '2024-01-07', '22:08:00', 1, '2025-04-29 20:43:24', '2025-04-29 20:43:24'),
(300, 11, -20.0, 1, NULL, '2024-01-07', '22:08:00', 1, '2025-04-29 20:43:24', '2025-04-29 20:43:24'),
(301, 10, 22.0, 1, NULL, '2024-01-08', '22:19:00', 1, '2025-04-29 20:43:24', '2025-04-29 20:43:24'),
(302, 11, -21.0, 1, NULL, '2024-01-08', '22:19:00', 1, '2025-04-29 20:43:24', '2025-04-29 20:43:24'),
(303, 10, 21.6, 1, NULL, '2024-01-09', '22:06:00', 1, '2025-04-29 20:43:24', '2025-04-29 20:43:24'),
(304, 11, -21.0, 1, NULL, '2024-01-09', '22:06:00', 1, '2025-04-29 20:43:24', '2025-04-29 20:43:24'),
(305, 10, 18.4, 1, NULL, '2024-01-10', '22:14:00', 1, '2025-04-29 20:43:24', '2025-04-29 20:43:24'),
(306, 11, -19.0, 1, NULL, '2024-01-10', '22:14:00', 1, '2025-04-29 20:43:24', '2025-04-29 20:43:24'),
(307, 10, 21.4, 1, NULL, '2024-01-11', '22:01:00', 1, '2025-04-29 20:43:24', '2025-04-29 20:43:24'),
(308, 11, -21.0, 1, NULL, '2024-01-11', '22:01:00', 1, '2025-04-29 20:43:24', '2025-04-29 20:43:24'),
(309, 10, 20.1, 1, NULL, '2024-01-12', '22:53:00', 7, '2025-04-29 20:43:24', '2025-04-29 20:43:24'),
(310, 11, -19.0, 1, NULL, '2024-01-12', '22:53:00', 7, '2025-04-29 20:43:24', '2025-04-29 20:43:24'),
(311, 10, 18.3, 1, NULL, '2024-01-13', '22:18:00', 7, '2025-04-29 20:43:24', '2025-04-29 20:43:24'),
(312, 11, -19.0, 1, NULL, '2024-01-13', '22:18:00', 7, '2025-04-29 20:43:24', '2025-04-29 20:43:24'),
(313, 10, 19.2, 1, NULL, '2024-01-14', '22:52:00', 7, '2025-04-29 20:43:24', '2025-04-29 20:43:24'),
(314, 11, -21.0, 1, NULL, '2024-01-14', '22:52:00', 7, '2025-04-29 20:43:24', '2025-04-29 20:43:24'),
(315, 10, 19.2, 1, NULL, '2024-01-15', '22:42:00', 7, '2025-04-29 20:43:24', '2025-04-29 20:43:24'),
(316, 11, -20.0, 1, NULL, '2024-01-15', '22:42:00', 7, '2025-04-29 20:43:24', '2025-04-29 20:43:24'),
(317, 10, 19.4, 1, NULL, '2024-01-16', '22:28:00', 7, '2025-04-29 20:43:24', '2025-04-29 20:43:24'),
(318, 11, -21.0, 1, NULL, '2024-01-16', '22:28:00', 7, '2025-04-29 20:43:24', '2025-04-29 20:43:24'),
(319, 10, 20.0, 1, NULL, '2024-01-17', '22:18:00', 7, '2025-04-29 20:43:24', '2025-04-29 20:43:24'),
(320, 11, -19.0, 1, NULL, '2024-01-17', '22:18:00', 7, '2025-04-29 20:43:24', '2025-04-29 20:43:24'),
(321, 10, 20.9, 1, NULL, '2024-01-18', '22:32:00', 7, '2025-04-29 20:43:24', '2025-04-29 20:43:24'),
(322, 11, -21.0, 1, NULL, '2024-01-18', '22:32:00', 7, '2025-04-29 20:43:24', '2025-04-29 20:43:24'),
(323, 10, 18.4, 1, NULL, '2024-01-19', '22:46:00', 7, '2025-04-29 20:43:24', '2025-04-29 20:43:24'),
(324, 11, -20.0, 1, NULL, '2024-01-19', '22:46:00', 7, '2025-04-29 20:43:24', '2025-04-29 20:43:24'),
(325, 10, 22.6, 1, NULL, '2024-01-20', '22:08:00', 7, '2025-04-29 20:43:24', '2025-04-29 20:43:24'),
(326, 11, -19.0, 1, NULL, '2024-01-20', '22:08:00', 7, '2025-04-29 20:43:24', '2025-04-29 20:43:24'),
(327, 10, 21.1, 1, NULL, '2024-01-21', '22:46:00', 1, '2025-04-29 20:43:24', '2025-04-29 20:43:24'),
(328, 11, -20.0, 1, NULL, '2024-01-21', '22:46:00', 1, '2025-04-29 20:43:24', '2025-04-29 20:43:24'),
(329, 10, 19.0, 1, NULL, '2024-01-22', '22:25:00', 1, '2025-04-29 20:43:24', '2025-04-29 20:43:24'),
(330, 11, -21.0, 1, NULL, '2024-01-22', '22:25:00', 1, '2025-04-29 20:43:24', '2025-04-29 20:43:24'),
(331, 10, 21.0, 1, NULL, '2024-01-23', '22:54:00', 1, '2025-04-29 20:43:24', '2025-04-29 20:43:24'),
(332, 11, -20.0, 1, NULL, '2024-01-23', '22:54:00', 1, '2025-04-29 20:43:24', '2025-04-29 20:43:24'),
(333, 10, 19.6, 1, NULL, '2024-01-24', '22:59:00', 7, '2025-04-29 20:43:24', '2025-04-29 20:43:24'),
(334, 11, -21.0, 1, NULL, '2024-01-24', '22:59:00', 7, '2025-04-29 20:43:24', '2025-04-29 20:43:24'),
(335, 10, 19.9, 1, NULL, '2024-01-25', '22:05:00', 7, '2025-04-29 20:43:24', '2025-04-29 20:43:24'),
(336, 11, -21.0, 1, NULL, '2024-01-25', '22:05:00', 7, '2025-04-29 20:43:24', '2025-04-29 20:43:24'),
(337, 10, 18.9, 1, NULL, '2024-01-26', '22:22:00', 7, '2025-04-29 20:43:24', '2025-04-29 20:43:24'),
(338, 11, -21.0, 1, NULL, '2024-01-26', '22:22:00', 7, '2025-04-29 20:43:24', '2025-04-29 20:43:24'),
(339, 10, 21.8, 1, NULL, '2024-01-27', '22:05:00', 1, '2025-04-29 20:43:24', '2025-04-29 20:43:24'),
(340, 11, -21.0, 1, NULL, '2024-01-27', '22:05:00', 1, '2025-04-29 20:43:24', '2025-04-29 20:43:24'),
(341, 10, 22.3, 1, NULL, '2024-01-28', '22:46:00', 1, '2025-04-29 20:43:24', '2025-04-29 20:43:24'),
(342, 11, -21.0, 1, NULL, '2024-01-28', '22:46:00', 1, '2025-04-29 20:43:24', '2025-04-29 20:43:24'),
(343, 10, 20.4, 1, NULL, '2024-01-29', '22:31:00', 1, '2025-04-29 20:43:24', '2025-04-29 20:43:24'),
(344, 11, -19.0, 1, NULL, '2024-01-29', '22:31:00', 1, '2025-04-29 20:43:24', '2025-04-29 20:43:24'),
(345, 10, 20.2, 1, NULL, '2024-01-30', '22:23:00', 1, '2025-04-29 20:43:24', '2025-04-29 20:43:24'),
(346, 11, -21.0, 1, NULL, '2024-01-30', '22:23:00', 1, '2025-04-29 20:43:24', '2025-04-29 20:43:24'),
(347, 10, 18.6, 1, NULL, '2024-01-31', '22:19:00', 1, '2025-04-29 20:43:24', '2025-04-29 20:43:24'),
(348, 11, -19.0, 1, NULL, '2024-01-31', '22:19:00', 1, '2025-04-29 20:43:24', '2025-04-29 20:43:24'),
(349, 10, 20.6, 1, NULL, '2024-02-01', '22:48:00', 1, '2025-04-29 20:43:24', '2025-04-29 20:43:24'),
(350, 11, -19.0, 1, NULL, '2024-02-01', '22:48:00', 1, '2025-04-29 20:43:24', '2025-04-29 20:43:24'),
(351, 10, 22.4, 1, NULL, '2024-02-02', '22:01:00', 5, '2025-04-29 20:43:24', '2025-04-29 20:43:24'),
(352, 11, -19.0, 1, NULL, '2024-02-02', '22:01:00', 5, '2025-04-29 20:43:24', '2025-04-29 20:43:24'),
(353, 10, 21.6, 1, NULL, '2024-02-03', '22:00:00', 5, '2025-04-29 20:43:24', '2025-04-29 20:43:24'),
(354, 11, -21.0, 1, NULL, '2024-02-03', '22:00:00', 5, '2025-04-29 20:43:24', '2025-04-29 20:43:24'),
(355, 10, 22.4, 1, NULL, '2024-02-04', '22:28:00', 5, '2025-04-29 20:43:24', '2025-04-29 20:43:24'),
(356, 11, -21.0, 1, NULL, '2024-02-04', '22:28:00', 5, '2025-04-29 20:43:24', '2025-04-29 20:43:24'),
(357, 10, 18.3, 1, NULL, '2024-02-05', '22:38:00', 5, '2025-04-29 20:43:24', '2025-04-29 20:43:24'),
(358, 11, -20.0, 1, NULL, '2024-02-05', '22:38:00', 5, '2025-04-29 20:43:24', '2025-04-29 20:43:24'),
(359, 10, 19.3, 1, NULL, '2024-02-06', '22:39:00', 5, '2025-04-29 20:43:24', '2025-04-29 20:43:24'),
(360, 11, -20.0, 1, NULL, '2024-02-06', '22:39:00', 5, '2025-04-29 20:43:24', '2025-04-29 20:43:24'),
(361, 10, 19.7, 1, NULL, '2024-02-07', '22:44:00', 5, '2025-04-29 20:43:24', '2025-04-29 20:43:24'),
(362, 11, -20.0, 1, NULL, '2024-02-07', '22:44:00', 5, '2025-04-29 20:43:24', '2025-04-29 20:43:24'),
(363, 10, 20.7, 1, NULL, '2024-02-08', '22:34:00', 7, '2025-04-29 20:43:24', '2025-04-29 20:43:24'),
(364, 11, -21.0, 1, NULL, '2024-02-08', '22:34:00', 7, '2025-04-29 20:43:24', '2025-04-29 20:43:24'),
(365, 10, 21.0, 1, NULL, '2024-02-09', '22:46:00', 7, '2025-04-29 20:43:24', '2025-04-29 20:43:24'),
(366, 11, -20.0, 1, NULL, '2024-02-09', '22:46:00', 7, '2025-04-29 20:43:24', '2025-04-29 20:43:24'),
(367, 10, 22.7, 1, NULL, '2024-02-10', '22:54:00', 7, '2025-04-29 20:43:24', '2025-04-29 20:43:24'),
(368, 11, -19.0, 1, NULL, '2024-02-10', '22:54:00', 7, '2025-04-29 20:43:24', '2025-04-29 20:43:24'),
(369, 10, 19.4, 1, NULL, '2024-02-11', '22:09:00', 7, '2025-04-29 20:43:24', '2025-04-29 20:43:24'),
(370, 11, -19.0, 1, NULL, '2024-02-11', '22:09:00', 7, '2025-04-29 20:43:24', '2025-04-29 20:43:24'),
(371, 10, 20.1, 1, NULL, '2024-02-12', '22:03:00', 7, '2025-04-29 20:43:24', '2025-04-29 20:43:24'),
(372, 11, -21.0, 1, NULL, '2024-02-12', '22:03:00', 7, '2025-04-29 20:43:24', '2025-04-29 20:43:24'),
(373, 10, 18.7, 1, NULL, '2024-02-13', '22:05:00', 7, '2025-04-29 20:43:24', '2025-04-29 20:43:24'),
(374, 11, -21.0, 1, NULL, '2024-02-13', '22:05:00', 7, '2025-04-29 20:43:24', '2025-04-29 20:43:24'),
(375, 10, 21.1, 1, NULL, '2024-02-14', '22:01:00', 1, '2025-04-29 20:43:24', '2025-04-29 20:43:24'),
(376, 11, -21.0, 1, NULL, '2024-02-14', '22:01:00', 1, '2025-04-29 20:43:24', '2025-04-29 20:43:24'),
(377, 10, 19.1, 1, NULL, '2024-02-15', '22:40:00', 1, '2025-04-29 20:43:24', '2025-04-29 20:43:24'),
(378, 11, -19.0, 1, NULL, '2024-02-15', '22:40:00', 1, '2025-04-29 20:43:24', '2025-04-29 20:43:24'),
(379, 10, 19.1, 1, NULL, '2024-02-16', '22:01:00', 1, '2025-04-29 20:43:24', '2025-04-29 20:43:24'),
(380, 11, -21.0, 1, NULL, '2024-02-16', '22:01:00', 1, '2025-04-29 20:43:24', '2025-04-29 20:43:24'),
(381, 10, 19.2, 1, NULL, '2024-02-17', '22:05:00', 1, '2025-04-29 20:43:24', '2025-04-29 20:43:24'),
(382, 11, -21.0, 1, NULL, '2024-02-17', '22:05:00', 1, '2025-04-29 20:43:24', '2025-04-29 20:43:24'),
(383, 10, 18.3, 1, NULL, '2024-02-18', '22:03:00', 1, '2025-04-29 20:43:24', '2025-04-29 20:43:24'),
(384, 11, -19.0, 1, NULL, '2024-02-18', '22:03:00', 1, '2025-04-29 20:43:24', '2025-04-29 20:43:24'),
(385, 10, 20.2, 1, NULL, '2024-02-19', '22:31:00', 1, '2025-04-29 20:43:24', '2025-04-29 20:43:24'),
(386, 11, -21.0, 1, NULL, '2024-02-19', '22:31:00', 1, '2025-04-29 20:43:24', '2025-04-29 20:43:24'),
(387, 10, 21.5, 1, NULL, '2024-02-20', '22:54:00', 1, '2025-04-29 20:43:24', '2025-04-29 20:43:24'),
(388, 11, -19.0, 1, NULL, '2024-02-20', '22:54:00', 1, '2025-04-29 20:43:24', '2025-04-29 20:43:24'),
(389, 10, 20.9, 1, NULL, '2024-02-21', '22:45:00', 1, '2025-04-29 20:43:24', '2025-04-29 20:43:24'),
(390, 11, -20.0, 1, NULL, '2024-02-21', '22:45:00', 1, '2025-04-29 20:43:24', '2025-04-29 20:43:24'),
(391, 10, 20.6, 1, NULL, '2024-02-22', '22:00:00', 1, '2025-04-29 20:43:24', '2025-04-29 20:43:24'),
(392, 11, -20.0, 1, NULL, '2024-02-22', '22:00:00', 1, '2025-04-29 20:43:24', '2025-04-29 20:43:24'),
(393, 10, 22.2, 1, NULL, '2024-02-23', '22:47:00', 1, '2025-04-29 20:43:24', '2025-04-29 20:43:24'),
(394, 11, -19.0, 1, NULL, '2024-02-23', '22:47:00', 1, '2025-04-29 20:43:24', '2025-04-29 20:43:24'),
(395, 10, 19.3, 1, NULL, '2024-02-24', '22:50:00', 1, '2025-04-29 20:43:24', '2025-04-29 20:43:24'),
(396, 11, -20.0, 1, NULL, '2024-02-24', '22:50:00', 1, '2025-04-29 20:43:24', '2025-04-29 20:43:24'),
(397, 10, 22.2, 1, NULL, '2024-02-25', '22:30:00', 1, '2025-04-29 20:43:24', '2025-04-29 20:43:24'),
(398, 11, -19.0, 1, NULL, '2024-02-25', '22:30:00', 1, '2025-04-29 20:43:24', '2025-04-29 20:43:24'),
(399, 10, 18.6, 1, NULL, '2024-02-26', '22:23:00', 1, '2025-04-29 20:43:24', '2025-04-29 20:43:24'),
(400, 11, -19.0, 1, NULL, '2024-02-26', '22:23:00', 1, '2025-04-29 20:43:24', '2025-04-29 20:43:24'),
(401, 10, 22.1, 1, NULL, '2024-02-27', '22:29:00', 1, '2025-04-29 20:43:24', '2025-04-29 20:43:24'),
(402, 11, -19.0, 1, NULL, '2024-02-27', '22:29:00', 1, '2025-04-29 20:43:24', '2025-04-29 20:43:24'),
(403, 10, 19.1, 1, NULL, '2024-02-28', '22:57:00', 1, '2025-04-29 20:43:24', '2025-04-29 20:43:24'),
(404, 11, -21.0, 1, NULL, '2024-02-28', '22:57:00', 1, '2025-04-29 20:43:24', '2025-04-29 20:43:24'),
(405, 10, 22.4, 1, NULL, '2024-02-29', '22:11:00', 5, '2025-04-29 20:43:24', '2025-04-29 20:43:24'),
(406, 11, -20.0, 1, NULL, '2024-02-29', '22:11:00', 5, '2025-04-29 20:43:24', '2025-04-29 20:43:24'),
(407, 10, 21.6, 1, NULL, '2024-03-01', '22:12:00', 5, '2025-04-29 20:43:24', '2025-04-29 20:43:24'),
(408, 11, -19.0, 1, NULL, '2024-03-01', '22:12:00', 5, '2025-04-29 20:43:24', '2025-04-29 20:43:24'),
(409, 10, 21.2, 1, NULL, '2024-03-02', '22:00:00', 5, '2025-04-29 20:43:24', '2025-04-29 20:43:24'),
(410, 11, -21.0, 1, NULL, '2024-03-02', '22:00:00', 5, '2025-04-29 20:43:24', '2025-04-29 20:43:24'),
(411, 10, 20.0, 1, NULL, '2024-03-03', '22:55:00', 7, '2025-04-29 20:43:24', '2025-04-29 20:43:24'),
(412, 11, -20.0, 1, NULL, '2024-03-03', '22:55:00', 7, '2025-04-29 20:43:24', '2025-04-29 20:43:24'),
(413, 10, 21.0, 1, NULL, '2024-03-04', '22:13:00', 7, '2025-04-29 20:43:24', '2025-04-29 20:43:24'),
(414, 11, -20.0, 1, NULL, '2024-03-04', '22:13:00', 7, '2025-04-29 20:43:24', '2025-04-29 20:43:24'),
(415, 10, 19.7, 1, NULL, '2024-03-05', '22:05:00', 7, '2025-04-29 20:43:24', '2025-04-29 20:43:24'),
(416, 11, -21.0, 1, NULL, '2024-03-05', '22:05:00', 7, '2025-04-29 20:43:24', '2025-04-29 20:43:24'),
(417, 10, 21.2, 1, NULL, '2024-03-06', '22:55:00', 7, '2025-04-29 20:43:24', '2025-04-29 20:43:24'),
(418, 11, -19.0, 1, NULL, '2024-03-06', '22:55:00', 7, '2025-04-29 20:43:24', '2025-04-29 20:43:24'),
(419, 10, 20.5, 1, NULL, '2024-03-07', '22:36:00', 7, '2025-04-29 20:43:24', '2025-04-29 20:43:24'),
(420, 11, -20.0, 1, NULL, '2024-03-07', '22:36:00', 7, '2025-04-29 20:43:24', '2025-04-29 20:43:24'),
(421, 10, 22.2, 1, NULL, '2024-03-08', '22:25:00', 7, '2025-04-29 20:43:24', '2025-04-29 20:43:24'),
(422, 11, -19.0, 1, NULL, '2024-03-08', '22:25:00', 7, '2025-04-29 20:43:24', '2025-04-29 20:43:24'),
(423, 10, 22.4, 1, NULL, '2024-03-09', '22:30:00', 1, '2025-04-29 20:43:24', '2025-04-29 20:43:24'),
(424, 11, -20.0, 1, NULL, '2024-03-09', '22:30:00', 1, '2025-04-29 20:43:24', '2025-04-29 20:43:24'),
(425, 10, 18.3, 1, NULL, '2024-03-10', '22:22:00', 1, '2025-04-29 20:43:24', '2025-04-29 20:43:24'),
(426, 11, -19.0, 1, NULL, '2024-03-10', '22:22:00', 1, '2025-04-29 20:43:24', '2025-04-29 20:43:24'),
(427, 10, 18.2, 1, NULL, '2024-03-11', '22:25:00', 1, '2025-04-29 20:43:24', '2025-04-29 20:43:24'),
(428, 11, -20.0, 1, NULL, '2024-03-11', '22:25:00', 1, '2025-04-29 20:43:24', '2025-04-29 20:43:24'),
(429, 10, 22.1, 1, NULL, '2024-03-12', '22:17:00', 5, '2025-04-29 20:43:24', '2025-04-29 20:43:24'),
(430, 11, -21.0, 1, NULL, '2024-03-12', '22:17:00', 5, '2025-04-29 20:43:24', '2025-04-29 20:43:24'),
(431, 10, 19.5, 1, NULL, '2024-03-13', '22:53:00', 5, '2025-04-29 20:43:24', '2025-04-29 20:43:24'),
(432, 11, -19.0, 1, NULL, '2024-03-13', '22:53:00', 5, '2025-04-29 20:43:24', '2025-04-29 20:43:24'),
(433, 10, 20.0, 1, NULL, '2024-03-14', '22:55:00', 5, '2025-04-29 20:43:24', '2025-04-29 20:43:24'),
(434, 11, -20.0, 1, NULL, '2024-03-14', '22:55:00', 5, '2025-04-29 20:43:24', '2025-04-29 20:43:24'),
(435, 10, 20.3, 1, NULL, '2024-03-15', '22:02:00', 1, '2025-04-29 20:43:24', '2025-04-29 20:43:24'),
(436, 11, -21.0, 1, NULL, '2024-03-15', '22:02:00', 1, '2025-04-29 20:43:24', '2025-04-29 20:43:24'),
(437, 10, 18.1, 1, NULL, '2024-03-16', '22:30:00', 1, '2025-04-29 20:43:24', '2025-04-29 20:43:24'),
(438, 11, -21.0, 1, NULL, '2024-03-16', '22:30:00', 1, '2025-04-29 20:43:24', '2025-04-29 20:43:24'),
(439, 10, 22.3, 1, NULL, '2024-03-17', '22:12:00', 1, '2025-04-29 20:43:24', '2025-04-29 20:43:24'),
(440, 11, -21.0, 1, NULL, '2024-03-17', '22:12:00', 1, '2025-04-29 20:43:24', '2025-04-29 20:43:24'),
(441, 10, 18.7, 1, NULL, '2024-03-18', '22:41:00', 7, '2025-04-29 20:43:24', '2025-04-29 20:43:24'),
(442, 11, -21.0, 1, NULL, '2024-03-18', '22:41:00', 7, '2025-04-29 20:43:24', '2025-04-29 20:43:24'),
(443, 10, 22.5, 1, NULL, '2024-03-19', '22:50:00', 7, '2025-04-29 20:43:24', '2025-04-29 20:43:24'),
(444, 11, -20.0, 1, NULL, '2024-03-19', '22:50:00', 7, '2025-04-29 20:43:24', '2025-04-29 20:43:24'),
(445, 10, 20.8, 1, NULL, '2024-03-20', '22:46:00', 7, '2025-04-29 20:43:24', '2025-04-29 20:43:24'),
(446, 11, -20.0, 1, NULL, '2024-03-20', '22:46:00', 7, '2025-04-29 20:43:24', '2025-04-29 20:43:24'),
(447, 10, 20.7, 1, NULL, '2024-03-21', '22:02:00', 7, '2025-04-29 20:43:24', '2025-04-29 20:43:24'),
(448, 11, -20.0, 1, NULL, '2024-03-21', '22:02:00', 7, '2025-04-29 20:43:24', '2025-04-29 20:43:24'),
(449, 10, 18.5, 1, NULL, '2024-03-22', '22:22:00', 7, '2025-04-29 20:43:24', '2025-04-29 20:43:24'),
(450, 11, -19.0, 1, NULL, '2024-03-22', '22:22:00', 7, '2025-04-29 20:43:24', '2025-04-29 20:43:24'),
(451, 10, 18.3, 1, NULL, '2024-03-23', '22:50:00', 7, '2025-04-29 20:43:24', '2025-04-29 20:43:24'),
(452, 11, -21.0, 1, NULL, '2024-03-23', '22:50:00', 7, '2025-04-29 20:43:24', '2025-04-29 20:43:24'),
(453, 10, 21.3, 1, NULL, '2024-03-24', '22:03:00', 6, '2025-04-29 20:43:24', '2025-04-29 20:43:24'),
(454, 11, -20.0, 1, NULL, '2024-03-24', '22:03:00', 6, '2025-04-29 20:43:24', '2025-04-29 20:43:24'),
(455, 10, 21.8, 1, NULL, '2024-03-25', '22:41:00', 6, '2025-04-29 20:43:24', '2025-04-29 20:43:24'),
(456, 11, -21.0, 1, NULL, '2024-03-25', '22:41:00', 6, '2025-04-29 20:43:24', '2025-04-29 20:43:24'),
(457, 10, 22.9, 1, NULL, '2024-03-26', '22:01:00', 6, '2025-04-29 20:43:24', '2025-04-29 20:43:24'),
(458, 11, -21.0, 1, NULL, '2024-03-26', '22:01:00', 6, '2025-04-29 20:43:24', '2025-04-29 20:43:24'),
(459, 10, 21.1, 1, NULL, '2024-03-27', '22:37:00', 6, '2025-04-29 20:43:24', '2025-04-29 20:43:24'),
(460, 11, -21.0, 1, NULL, '2024-03-27', '22:37:00', 6, '2025-04-29 20:43:24', '2025-04-29 20:43:24'),
(461, 10, 20.0, 1, NULL, '2024-03-28', '22:27:00', 6, '2025-04-29 20:43:24', '2025-04-29 20:43:24'),
(462, 11, -19.0, 1, NULL, '2024-03-28', '22:27:00', 6, '2025-04-29 20:43:24', '2025-04-29 20:43:24'),
(463, 10, 20.8, 1, NULL, '2024-03-29', '22:50:00', 6, '2025-04-29 20:43:24', '2025-04-29 20:43:24'),
(464, 11, -20.0, 1, NULL, '2024-03-29', '22:50:00', 6, '2025-04-29 20:43:24', '2025-04-29 20:43:24'),
(465, 10, 21.3, 1, NULL, '2024-03-30', '22:37:00', 5, '2025-04-29 20:43:24', '2025-04-29 20:43:24'),
(466, 11, -20.0, 1, NULL, '2024-03-30', '22:37:00', 5, '2025-04-29 20:43:24', '2025-04-29 20:43:24'),
(467, 10, 19.1, 1, NULL, '2024-03-31', '22:49:00', 5, '2025-04-29 20:43:24', '2025-04-29 20:43:24'),
(468, 11, -20.0, 1, NULL, '2024-03-31', '22:49:00', 5, '2025-04-29 20:43:24', '2025-04-29 20:43:24'),
(469, 10, 18.4, 1, NULL, '2024-04-01', '22:17:00', 5, '2025-04-29 20:43:24', '2025-04-29 20:43:24'),
(470, 11, -21.0, 1, NULL, '2024-04-01', '22:17:00', 5, '2025-04-29 20:43:24', '2025-04-29 20:43:24'),
(471, 10, 21.8, 1, NULL, '2024-04-02', '22:55:00', 1, '2025-04-29 20:43:24', '2025-04-29 20:43:24'),
(472, 11, -20.0, 1, NULL, '2024-04-02', '22:55:00', 1, '2025-04-29 20:43:24', '2025-04-29 20:43:24'),
(473, 10, 22.0, 1, NULL, '2024-04-03', '22:33:00', 1, '2025-04-29 20:43:24', '2025-04-29 20:43:24'),
(474, 11, -20.0, 1, NULL, '2024-04-03', '22:33:00', 1, '2025-04-29 20:43:24', '2025-04-29 20:43:24'),
(475, 10, 21.0, 1, NULL, '2024-04-04', '22:43:00', 1, '2025-04-29 20:43:24', '2025-04-29 20:43:24'),
(476, 11, -20.0, 1, NULL, '2024-04-04', '22:43:00', 1, '2025-04-29 20:43:24', '2025-04-29 20:43:24'),
(477, 10, 22.6, 1, NULL, '2024-04-05', '22:33:00', 5, '2025-04-29 20:43:24', '2025-04-29 20:43:24'),
(478, 11, -20.0, 1, NULL, '2024-04-05', '22:33:00', 5, '2025-04-29 20:43:24', '2025-04-29 20:43:24'),
(479, 10, 19.0, 1, NULL, '2024-04-06', '22:55:00', 5, '2025-04-29 20:43:24', '2025-04-29 20:43:24'),
(480, 11, -19.0, 1, NULL, '2024-04-06', '22:55:00', 5, '2025-04-29 20:43:24', '2025-04-29 20:43:24'),
(481, 10, 18.5, 1, NULL, '2024-04-07', '22:22:00', 5, '2025-04-29 20:43:24', '2025-04-29 20:43:24'),
(482, 11, -21.0, 1, NULL, '2024-04-07', '22:22:00', 5, '2025-04-29 20:43:24', '2025-04-29 20:43:24'),
(483, 10, 22.5, 1, NULL, '2024-04-08', '22:16:00', 1, '2025-04-29 20:43:24', '2025-04-29 20:43:24'),
(484, 11, -20.0, 1, NULL, '2024-04-08', '22:16:00', 1, '2025-04-29 20:43:24', '2025-04-29 20:43:24'),
(485, 10, 22.9, 1, NULL, '2024-04-09', '22:41:00', 1, '2025-04-29 20:43:24', '2025-04-29 20:43:24'),
(486, 11, -19.0, 1, NULL, '2024-04-09', '22:41:00', 1, '2025-04-29 20:43:24', '2025-04-29 20:43:24'),
(487, 10, 21.1, 1, NULL, '2024-04-10', '22:16:00', 1, '2025-04-29 20:43:24', '2025-04-29 20:43:24'),
(488, 11, -20.0, 1, NULL, '2024-04-10', '22:16:00', 1, '2025-04-29 20:43:24', '2025-04-29 20:43:24'),
(489, 10, 19.7, 1, NULL, '2024-04-11', '22:52:00', 1, '2025-04-29 20:43:24', '2025-04-29 20:43:24'),
(490, 11, -20.0, 1, NULL, '2024-04-11', '22:52:00', 1, '2025-04-29 20:43:24', '2025-04-29 20:43:24'),
(491, 10, 18.9, 1, NULL, '2024-04-12', '22:42:00', 1, '2025-04-29 20:43:24', '2025-04-29 20:43:24'),
(492, 11, -21.0, 1, NULL, '2024-04-12', '22:42:00', 1, '2025-04-29 20:43:24', '2025-04-29 20:43:24'),
(493, 10, 19.8, 1, NULL, '2024-04-13', '22:44:00', 1, '2025-04-29 20:43:24', '2025-04-29 20:43:24'),
(494, 11, -21.0, 1, NULL, '2024-04-13', '22:44:00', 1, '2025-04-29 20:43:24', '2025-04-29 20:43:24'),
(495, 10, 20.3, 1, NULL, '2024-04-14', '22:54:00', 6, '2025-04-29 20:43:24', '2025-04-29 20:43:24'),
(496, 11, -19.0, 1, NULL, '2024-04-14', '22:54:00', 6, '2025-04-29 20:43:24', '2025-04-29 20:43:24'),
(497, 10, 22.0, 1, NULL, '2024-04-15', '22:45:00', 6, '2025-04-29 20:43:24', '2025-04-29 20:43:24'),
(498, 11, -19.0, 1, NULL, '2024-04-15', '22:45:00', 6, '2025-04-29 20:43:24', '2025-04-29 20:43:24'),
(499, 10, 20.7, 1, NULL, '2024-04-16', '22:55:00', 6, '2025-04-29 20:43:24', '2025-04-29 20:43:24'),
(500, 11, -21.0, 1, NULL, '2024-04-16', '22:55:00', 6, '2025-04-29 20:43:24', '2025-04-29 20:43:24'),
(501, 10, 18.3, 1, NULL, '2024-04-17', '22:30:00', 1, '2025-04-29 20:43:24', '2025-04-29 20:43:24');
INSERT INTO `temperature_checks` (`check_id`, `equipment_id`, `temperature`, `is_compliant`, `corrective_action`, `check_date`, `check_time`, `checked_by_user_id`, `created_at`, `updated_at`) VALUES
(502, 11, -19.0, 1, NULL, '2024-04-17', '22:30:00', 1, '2025-04-29 20:43:24', '2025-04-29 20:43:24'),
(503, 10, 18.1, 1, NULL, '2024-04-18', '22:07:00', 1, '2025-04-29 20:43:24', '2025-04-29 20:43:24'),
(504, 11, -19.0, 1, NULL, '2024-04-18', '22:07:00', 1, '2025-04-29 20:43:24', '2025-04-29 20:43:24'),
(505, 10, 18.6, 1, NULL, '2024-04-19', '22:35:00', 1, '2025-04-29 20:43:24', '2025-04-29 20:43:24'),
(506, 11, -19.0, 1, NULL, '2024-04-19', '22:35:00', 1, '2025-04-29 20:43:24', '2025-04-29 20:43:24'),
(507, 10, 22.1, 1, NULL, '2024-04-20', '22:39:00', 6, '2025-04-29 20:43:24', '2025-04-29 20:43:24'),
(508, 11, -20.0, 1, NULL, '2024-04-20', '22:39:00', 6, '2025-04-29 20:43:24', '2025-04-29 20:43:24'),
(509, 10, 20.4, 1, NULL, '2024-04-21', '22:00:00', 6, '2025-04-29 20:43:24', '2025-04-29 20:43:24'),
(510, 11, -21.0, 1, NULL, '2024-04-21', '22:00:00', 6, '2025-04-29 20:43:24', '2025-04-29 20:43:24'),
(511, 10, 22.0, 1, NULL, '2024-04-22', '22:04:00', 6, '2025-04-29 20:43:24', '2025-04-29 20:43:24'),
(512, 11, -19.0, 1, NULL, '2024-04-22', '22:04:00', 6, '2025-04-29 20:43:24', '2025-04-29 20:43:24'),
(513, 10, 22.7, 1, NULL, '2024-04-23', '22:45:00', 1, '2025-04-29 20:43:24', '2025-04-29 20:43:24'),
(514, 11, -21.0, 1, NULL, '2024-04-23', '22:45:00', 1, '2025-04-29 20:43:24', '2025-04-29 20:43:24'),
(515, 10, 19.2, 1, NULL, '2024-04-24', '22:11:00', 1, '2025-04-29 20:43:24', '2025-04-29 20:43:24'),
(516, 11, -19.0, 1, NULL, '2024-04-24', '22:11:00', 1, '2025-04-29 20:43:24', '2025-04-29 20:43:24'),
(517, 10, 21.1, 1, NULL, '2024-04-25', '22:35:00', 1, '2025-04-29 20:43:24', '2025-04-29 20:43:24'),
(518, 11, -20.0, 1, NULL, '2024-04-25', '22:35:00', 1, '2025-04-29 20:43:24', '2025-04-29 20:43:24'),
(519, 10, 23.0, 1, NULL, '2024-04-26', '22:05:00', 1, '2025-04-29 20:43:24', '2025-04-29 20:43:24'),
(520, 11, -19.0, 1, NULL, '2024-04-26', '22:05:00', 1, '2025-04-29 20:43:24', '2025-04-29 20:43:24'),
(521, 10, 20.4, 1, NULL, '2024-04-27', '22:06:00', 1, '2025-04-29 20:43:24', '2025-04-29 20:43:24'),
(522, 11, -19.0, 1, NULL, '2024-04-27', '22:06:00', 1, '2025-04-29 20:43:24', '2025-04-29 20:43:24'),
(523, 10, 18.3, 1, NULL, '2024-04-28', '22:15:00', 1, '2025-04-29 20:43:24', '2025-04-29 20:43:24'),
(524, 11, -21.0, 1, NULL, '2024-04-28', '22:15:00', 1, '2025-04-29 20:43:24', '2025-04-29 20:43:24'),
(525, 10, 18.0, 1, NULL, '2024-04-29', '22:15:00', 1, '2025-04-29 20:43:24', '2025-04-29 20:43:24'),
(526, 11, -21.0, 1, NULL, '2024-04-29', '22:15:00', 1, '2025-04-29 20:43:24', '2025-04-29 20:43:24'),
(527, 10, 19.5, 1, NULL, '2024-04-30', '22:03:00', 1, '2025-04-29 20:43:24', '2025-04-29 20:43:24'),
(528, 11, -21.0, 1, NULL, '2024-04-30', '22:03:00', 1, '2025-04-29 20:43:24', '2025-04-29 20:43:24'),
(529, 10, 20.4, 1, NULL, '2024-05-01', '22:00:00', 1, '2025-04-29 20:43:24', '2025-04-29 20:43:24'),
(530, 11, -20.0, 1, NULL, '2024-05-01', '22:00:00', 1, '2025-04-29 20:43:24', '2025-04-29 20:43:24'),
(531, 10, 22.3, 1, NULL, '2024-05-02', '22:38:00', 1, '2025-04-29 20:43:24', '2025-04-29 20:43:24'),
(532, 11, -19.0, 1, NULL, '2024-05-02', '22:38:00', 1, '2025-04-29 20:43:24', '2025-04-29 20:43:24'),
(533, 10, 20.4, 1, NULL, '2024-05-03', '22:14:00', 1, '2025-04-29 20:43:24', '2025-04-29 20:43:24'),
(534, 11, -19.0, 1, NULL, '2024-05-03', '22:14:00', 1, '2025-04-29 20:43:24', '2025-04-29 20:43:24'),
(535, 10, 18.8, 1, NULL, '2024-05-04', '22:44:00', 1, '2025-04-29 20:43:24', '2025-04-29 20:43:24'),
(536, 11, -20.0, 1, NULL, '2024-05-04', '22:44:00', 1, '2025-04-29 20:43:24', '2025-04-29 20:43:24'),
(537, 10, 19.5, 1, NULL, '2024-05-05', '22:04:00', 5, '2025-04-29 20:43:24', '2025-04-29 20:43:24'),
(538, 11, -21.0, 1, NULL, '2024-05-05', '22:04:00', 5, '2025-04-29 20:43:24', '2025-04-29 20:43:24'),
(539, 10, 22.9, 1, NULL, '2024-05-06', '22:41:00', 5, '2025-04-29 20:43:24', '2025-04-29 20:43:24'),
(540, 11, -20.0, 1, NULL, '2024-05-06', '22:41:00', 5, '2025-04-29 20:43:24', '2025-04-29 20:43:24'),
(541, 10, 22.4, 1, NULL, '2024-05-07', '22:25:00', 5, '2025-04-29 20:43:24', '2025-04-29 20:43:24'),
(542, 11, -20.0, 1, NULL, '2024-05-07', '22:25:00', 5, '2025-04-29 20:43:24', '2025-04-29 20:43:24'),
(543, 10, 21.4, 1, NULL, '2024-05-08', '22:09:00', 1, '2025-04-29 20:43:24', '2025-04-29 20:43:24'),
(544, 11, -21.0, 1, NULL, '2024-05-08', '22:09:00', 1, '2025-04-29 20:43:24', '2025-04-29 20:43:24'),
(545, 10, 23.0, 1, NULL, '2024-05-09', '22:12:00', 1, '2025-04-29 20:43:24', '2025-04-29 20:43:24'),
(546, 11, -19.0, 1, NULL, '2024-05-09', '22:12:00', 1, '2025-04-29 20:43:24', '2025-04-29 20:43:24'),
(547, 10, 22.3, 1, NULL, '2024-05-10', '22:56:00', 1, '2025-04-29 20:43:24', '2025-04-29 20:43:24'),
(548, 11, -21.0, 1, NULL, '2024-05-10', '22:56:00', 1, '2025-04-29 20:43:24', '2025-04-29 20:43:24'),
(549, 10, 21.5, 1, NULL, '2024-05-11', '22:28:00', 1, '2025-04-29 20:43:24', '2025-04-29 20:43:24'),
(550, 11, -19.0, 1, NULL, '2024-05-11', '22:28:00', 1, '2025-04-29 20:43:24', '2025-04-29 20:43:24'),
(551, 10, 21.8, 1, NULL, '2024-05-12', '22:05:00', 1, '2025-04-29 20:43:24', '2025-04-29 20:43:24'),
(552, 11, -20.0, 1, NULL, '2024-05-12', '22:05:00', 1, '2025-04-29 20:43:24', '2025-04-29 20:43:24'),
(553, 10, 18.5, 1, NULL, '2024-05-13', '22:46:00', 1, '2025-04-29 20:43:24', '2025-04-29 20:43:24'),
(554, 11, -19.0, 1, NULL, '2024-05-13', '22:46:00', 1, '2025-04-29 20:43:24', '2025-04-29 20:43:24'),
(555, 10, 18.3, 1, NULL, '2024-05-14', '22:40:00', 1, '2025-04-29 20:43:24', '2025-04-29 20:43:24'),
(556, 11, -19.0, 1, NULL, '2024-05-14', '22:40:00', 1, '2025-04-29 20:43:24', '2025-04-29 20:43:24'),
(557, 10, 18.4, 1, NULL, '2024-05-15', '22:39:00', 1, '2025-04-29 20:43:24', '2025-04-29 20:43:24'),
(558, 11, -19.0, 1, NULL, '2024-05-15', '22:39:00', 1, '2025-04-29 20:43:24', '2025-04-29 20:43:24'),
(559, 10, 21.0, 1, NULL, '2024-05-16', '22:20:00', 1, '2025-04-29 20:43:24', '2025-04-29 20:43:24'),
(560, 11, -19.0, 1, NULL, '2024-05-16', '22:20:00', 1, '2025-04-29 20:43:24', '2025-04-29 20:43:24'),
(561, 10, 18.2, 1, NULL, '2024-05-17', '22:06:00', 5, '2025-04-29 20:43:24', '2025-04-29 20:43:24'),
(562, 11, -20.0, 1, NULL, '2024-05-17', '22:06:00', 5, '2025-04-29 20:43:24', '2025-04-29 20:43:24'),
(563, 10, 21.3, 1, NULL, '2024-05-18', '22:34:00', 5, '2025-04-29 20:43:24', '2025-04-29 20:43:24'),
(564, 11, -20.0, 1, NULL, '2024-05-18', '22:34:00', 5, '2025-04-29 20:43:24', '2025-04-29 20:43:24'),
(565, 10, 20.1, 1, NULL, '2024-05-19', '22:20:00', 5, '2025-04-29 20:43:24', '2025-04-29 20:43:24'),
(566, 11, -20.0, 1, NULL, '2024-05-19', '22:20:00', 5, '2025-04-29 20:43:24', '2025-04-29 20:43:24'),
(567, 10, 20.4, 1, NULL, '2024-05-20', '22:35:00', 1, '2025-04-29 20:43:24', '2025-04-29 20:43:24'),
(568, 11, -20.0, 1, NULL, '2024-05-20', '22:35:00', 1, '2025-04-29 20:43:24', '2025-04-29 20:43:24'),
(569, 10, 21.2, 1, NULL, '2024-05-21', '22:23:00', 1, '2025-04-29 20:43:24', '2025-04-29 20:43:24'),
(570, 11, -21.0, 1, NULL, '2024-05-21', '22:23:00', 1, '2025-04-29 20:43:24', '2025-04-29 20:43:24'),
(571, 10, 21.7, 1, NULL, '2024-05-22', '22:37:00', 1, '2025-04-29 20:43:24', '2025-04-29 20:43:24'),
(572, 11, -20.0, 1, NULL, '2024-05-22', '22:37:00', 1, '2025-04-29 20:43:24', '2025-04-29 20:43:24'),
(573, 10, 18.9, 1, NULL, '2024-05-23', '22:25:00', 1, '2025-04-29 20:43:24', '2025-04-29 20:43:24'),
(574, 11, -21.0, 1, NULL, '2024-05-23', '22:25:00', 1, '2025-04-29 20:43:24', '2025-04-29 20:43:24'),
(575, 10, 18.2, 1, NULL, '2024-05-24', '22:46:00', 1, '2025-04-29 20:43:24', '2025-04-29 20:43:24'),
(576, 11, -21.0, 1, NULL, '2024-05-24', '22:46:00', 1, '2025-04-29 20:43:24', '2025-04-29 20:43:24'),
(577, 10, 21.6, 1, NULL, '2024-05-25', '22:27:00', 1, '2025-04-29 20:43:24', '2025-04-29 20:43:24'),
(578, 11, -19.0, 1, NULL, '2024-05-25', '22:27:00', 1, '2025-04-29 20:43:24', '2025-04-29 20:43:24'),
(579, 10, 22.7, 1, NULL, '2024-05-26', '22:30:00', 1, '2025-04-29 20:43:24', '2025-04-29 20:43:24'),
(580, 11, -20.0, 1, NULL, '2024-05-26', '22:30:00', 1, '2025-04-29 20:43:24', '2025-04-29 20:43:24'),
(581, 10, 18.1, 1, NULL, '2024-05-27', '22:12:00', 1, '2025-04-29 20:43:24', '2025-04-29 20:43:24'),
(582, 11, -19.0, 1, NULL, '2024-05-27', '22:12:00', 1, '2025-04-29 20:43:24', '2025-04-29 20:43:24'),
(583, 10, 21.9, 1, NULL, '2024-05-28', '22:15:00', 1, '2025-04-29 20:43:24', '2025-04-29 20:43:24'),
(584, 11, -20.0, 1, NULL, '2024-05-28', '22:15:00', 1, '2025-04-29 20:43:24', '2025-04-29 20:43:24'),
(585, 10, 21.1, 1, NULL, '2024-05-29', '22:58:00', 6, '2025-04-29 20:43:24', '2025-04-29 20:43:24'),
(586, 11, -20.0, 1, NULL, '2024-05-29', '22:58:00', 6, '2025-04-29 20:43:24', '2025-04-29 20:43:24'),
(587, 10, 21.5, 1, NULL, '2024-05-30', '22:09:00', 6, '2025-04-29 20:43:24', '2025-04-29 20:43:24'),
(588, 11, -21.0, 1, NULL, '2024-05-30', '22:09:00', 6, '2025-04-29 20:43:24', '2025-04-29 20:43:24'),
(589, 10, 22.1, 1, NULL, '2024-05-31', '22:10:00', 6, '2025-04-29 20:43:24', '2025-04-29 20:43:24'),
(590, 11, -19.0, 1, NULL, '2024-05-31', '22:10:00', 6, '2025-04-29 20:43:24', '2025-04-29 20:43:24'),
(591, 10, 21.7, 1, NULL, '2024-06-01', '22:00:00', 1, '2025-04-29 20:43:24', '2025-04-29 20:43:24'),
(592, 11, -20.0, 1, NULL, '2024-06-01', '22:00:00', 1, '2025-04-29 20:43:24', '2025-04-29 20:43:24'),
(593, 10, 22.3, 1, NULL, '2024-06-02', '22:41:00', 1, '2025-04-29 20:43:24', '2025-04-29 20:43:24'),
(594, 11, -21.0, 1, NULL, '2024-06-02', '22:41:00', 1, '2025-04-29 20:43:24', '2025-04-29 20:43:24'),
(595, 10, 21.2, 1, NULL, '2024-06-03', '22:17:00', 1, '2025-04-29 20:43:24', '2025-04-29 20:43:24'),
(596, 11, -20.0, 1, NULL, '2024-06-03', '22:17:00', 1, '2025-04-29 20:43:24', '2025-04-29 20:43:24'),
(597, 10, 21.8, 1, NULL, '2024-06-04', '22:39:00', 7, '2025-04-29 20:43:24', '2025-04-29 20:43:24'),
(598, 11, -21.0, 1, NULL, '2024-06-04', '22:39:00', 7, '2025-04-29 20:43:24', '2025-04-29 20:43:24'),
(599, 10, 20.5, 1, NULL, '2024-06-05', '22:31:00', 7, '2025-04-29 20:43:24', '2025-04-29 20:43:24'),
(600, 11, -19.0, 1, NULL, '2024-06-05', '22:31:00', 7, '2025-04-29 20:43:24', '2025-04-29 20:43:24'),
(601, 10, 20.0, 1, NULL, '2024-06-06', '22:47:00', 7, '2025-04-29 20:43:24', '2025-04-29 20:43:24'),
(602, 11, -19.0, 1, NULL, '2024-06-06', '22:47:00', 7, '2025-04-29 20:43:24', '2025-04-29 20:43:24'),
(603, 10, 20.5, 1, NULL, '2024-06-07', '22:54:00', 5, '2025-04-29 20:43:24', '2025-04-29 20:43:24'),
(604, 11, -20.0, 1, NULL, '2024-06-07', '22:54:00', 5, '2025-04-29 20:43:24', '2025-04-29 20:43:24'),
(605, 10, 20.4, 1, NULL, '2024-06-08', '22:29:00', 5, '2025-04-29 20:43:24', '2025-04-29 20:43:24'),
(606, 11, -20.0, 1, NULL, '2024-06-08', '22:29:00', 5, '2025-04-29 20:43:24', '2025-04-29 20:43:24'),
(607, 10, 21.2, 1, NULL, '2024-06-09', '22:12:00', 5, '2025-04-29 20:43:24', '2025-04-29 20:43:24'),
(608, 11, -21.0, 1, NULL, '2024-06-09', '22:12:00', 5, '2025-04-29 20:43:24', '2025-04-29 20:43:24'),
(609, 10, 22.2, 1, NULL, '2024-06-10', '22:28:00', 1, '2025-04-29 20:43:24', '2025-04-29 20:43:24'),
(610, 11, -21.0, 1, NULL, '2024-06-10', '22:28:00', 1, '2025-04-29 20:43:24', '2025-04-29 20:43:24'),
(611, 10, 22.8, 1, NULL, '2024-06-11', '22:28:00', 1, '2025-04-29 20:43:24', '2025-04-29 20:43:24'),
(612, 11, -19.0, 1, NULL, '2024-06-11', '22:28:00', 1, '2025-04-29 20:43:24', '2025-04-29 20:43:24'),
(613, 10, 18.6, 1, NULL, '2024-06-12', '22:02:00', 1, '2025-04-29 20:43:24', '2025-04-29 20:43:24'),
(614, 11, -21.0, 1, NULL, '2024-06-12', '22:02:00', 1, '2025-04-29 20:43:24', '2025-04-29 20:43:24'),
(615, 10, 18.2, 1, NULL, '2024-06-13', '22:18:00', 6, '2025-04-29 20:43:24', '2025-04-29 20:43:24'),
(616, 11, -19.0, 1, NULL, '2024-06-13', '22:18:00', 6, '2025-04-29 20:43:24', '2025-04-29 20:43:24'),
(617, 10, 21.6, 1, NULL, '2024-06-14', '22:54:00', 6, '2025-04-29 20:43:24', '2025-04-29 20:43:24'),
(618, 11, -19.0, 1, NULL, '2024-06-14', '22:54:00', 6, '2025-04-29 20:43:24', '2025-04-29 20:43:24'),
(619, 10, 21.1, 1, NULL, '2024-06-15', '22:34:00', 6, '2025-04-29 20:43:24', '2025-04-29 20:43:24'),
(620, 11, -19.0, 1, NULL, '2024-06-15', '22:34:00', 6, '2025-04-29 20:43:24', '2025-04-29 20:43:24'),
(621, 10, 18.1, 1, NULL, '2024-06-16', '22:38:00', 6, '2025-04-29 20:43:24', '2025-04-29 20:43:24'),
(622, 11, -21.0, 1, NULL, '2024-06-16', '22:38:00', 6, '2025-04-29 20:43:24', '2025-04-29 20:43:24'),
(623, 10, 22.4, 1, NULL, '2024-06-17', '22:38:00', 6, '2025-04-29 20:43:24', '2025-04-29 20:43:24'),
(624, 11, -19.0, 1, NULL, '2024-06-17', '22:38:00', 6, '2025-04-29 20:43:24', '2025-04-29 20:43:24'),
(625, 10, 19.0, 1, NULL, '2024-06-18', '22:14:00', 6, '2025-04-29 20:43:24', '2025-04-29 20:43:24'),
(626, 11, -20.0, 1, NULL, '2024-06-18', '22:14:00', 6, '2025-04-29 20:43:24', '2025-04-29 20:43:24'),
(627, 10, 20.3, 1, NULL, '2024-06-19', '22:06:00', 7, '2025-04-29 20:43:24', '2025-04-29 20:43:24'),
(628, 11, -21.0, 1, NULL, '2024-06-19', '22:06:00', 7, '2025-04-29 20:43:24', '2025-04-29 20:43:24'),
(629, 10, 21.7, 1, NULL, '2024-06-20', '22:57:00', 7, '2025-04-29 20:43:24', '2025-04-29 20:43:24'),
(630, 11, -19.0, 1, NULL, '2024-06-20', '22:57:00', 7, '2025-04-29 20:43:24', '2025-04-29 20:43:24'),
(631, 10, 22.9, 1, NULL, '2024-06-21', '22:17:00', 7, '2025-04-29 20:43:24', '2025-04-29 20:43:24'),
(632, 11, -20.0, 1, NULL, '2024-06-21', '22:17:00', 7, '2025-04-29 20:43:24', '2025-04-29 20:43:24'),
(633, 10, 19.2, 1, NULL, '2024-06-22', '22:35:00', 6, '2025-04-29 20:43:24', '2025-04-29 20:43:24'),
(634, 11, -21.0, 1, NULL, '2024-06-22', '22:35:00', 6, '2025-04-29 20:43:24', '2025-04-29 20:43:24'),
(635, 10, 21.0, 1, NULL, '2024-06-23', '22:46:00', 6, '2025-04-29 20:43:24', '2025-04-29 20:43:24'),
(636, 11, -19.0, 1, NULL, '2024-06-23', '22:46:00', 6, '2025-04-29 20:43:24', '2025-04-29 20:43:24'),
(637, 10, 22.8, 1, NULL, '2024-06-24', '22:21:00', 6, '2025-04-29 20:43:24', '2025-04-29 20:43:24'),
(638, 11, -19.0, 1, NULL, '2024-06-24', '22:21:00', 6, '2025-04-29 20:43:24', '2025-04-29 20:43:24'),
(639, 10, 21.1, 1, NULL, '2024-06-25', '22:30:00', 7, '2025-04-29 20:43:24', '2025-04-29 20:43:24'),
(640, 11, -20.0, 1, NULL, '2024-06-25', '22:30:00', 7, '2025-04-29 20:43:24', '2025-04-29 20:43:24'),
(641, 10, 22.7, 1, NULL, '2024-06-26', '22:28:00', 7, '2025-04-29 20:43:24', '2025-04-29 20:43:24'),
(642, 11, -19.0, 1, NULL, '2024-06-26', '22:28:00', 7, '2025-04-29 20:43:24', '2025-04-29 20:43:24'),
(643, 10, 18.5, 1, NULL, '2024-06-27', '22:59:00', 7, '2025-04-29 20:43:24', '2025-04-29 20:43:24'),
(644, 11, -21.0, 1, NULL, '2024-06-27', '22:59:00', 7, '2025-04-29 20:43:24', '2025-04-29 20:43:24'),
(645, 10, 18.5, 1, NULL, '2024-06-28', '22:49:00', 1, '2025-04-29 20:43:24', '2025-04-29 20:43:24'),
(646, 11, -21.0, 1, NULL, '2024-06-28', '22:49:00', 1, '2025-04-29 20:43:24', '2025-04-29 20:43:24'),
(647, 10, 21.5, 1, NULL, '2024-06-29', '22:47:00', 1, '2025-04-29 20:43:24', '2025-04-29 20:43:24'),
(648, 11, -19.0, 1, NULL, '2024-06-29', '22:47:00', 1, '2025-04-29 20:43:24', '2025-04-29 20:43:24'),
(649, 10, 23.0, 1, NULL, '2024-06-30', '22:36:00', 1, '2025-04-29 20:43:24', '2025-04-29 20:43:24'),
(650, 11, -19.0, 1, NULL, '2024-06-30', '22:36:00', 1, '2025-04-29 20:43:24', '2025-04-29 20:43:24'),
(651, 10, 18.6, 1, NULL, '2024-07-01', '22:07:00', 5, '2025-04-29 20:43:24', '2025-04-29 20:43:24'),
(652, 11, -20.0, 1, NULL, '2024-07-01', '22:07:00', 5, '2025-04-29 20:43:24', '2025-04-29 20:43:24'),
(653, 10, 21.9, 1, NULL, '2024-07-02', '22:02:00', 5, '2025-04-29 20:43:24', '2025-04-29 20:43:24'),
(654, 11, -20.0, 1, NULL, '2024-07-02', '22:02:00', 5, '2025-04-29 20:43:24', '2025-04-29 20:43:24'),
(655, 10, 21.4, 1, NULL, '2024-07-03', '22:13:00', 5, '2025-04-29 20:43:24', '2025-04-29 20:43:24'),
(656, 11, -20.0, 1, NULL, '2024-07-03', '22:13:00', 5, '2025-04-29 20:43:24', '2025-04-29 20:43:24'),
(657, 10, 21.7, 1, NULL, '2024-07-04', '22:33:00', 5, '2025-04-29 20:43:24', '2025-04-29 20:43:24'),
(658, 11, -21.0, 1, NULL, '2024-07-04', '22:33:00', 5, '2025-04-29 20:43:24', '2025-04-29 20:43:24'),
(659, 10, 18.7, 1, NULL, '2024-07-05', '22:36:00', 5, '2025-04-29 20:43:24', '2025-04-29 20:43:24'),
(660, 11, -20.0, 1, NULL, '2024-07-05', '22:36:00', 5, '2025-04-29 20:43:24', '2025-04-29 20:43:24'),
(661, 10, 21.5, 1, NULL, '2024-07-06', '22:28:00', 5, '2025-04-29 20:43:24', '2025-04-29 20:43:24'),
(662, 11, -20.0, 1, NULL, '2024-07-06', '22:28:00', 5, '2025-04-29 20:43:24', '2025-04-29 20:43:24'),
(663, 10, 18.2, 1, NULL, '2024-07-07', '22:02:00', 7, '2025-04-29 20:43:24', '2025-04-29 20:43:24'),
(664, 11, -20.0, 1, NULL, '2024-07-07', '22:02:00', 7, '2025-04-29 20:43:24', '2025-04-29 20:43:24'),
(665, 10, 20.4, 1, NULL, '2024-07-08', '22:16:00', 7, '2025-04-29 20:43:24', '2025-04-29 20:43:24'),
(666, 11, -19.0, 1, NULL, '2024-07-08', '22:16:00', 7, '2025-04-29 20:43:24', '2025-04-29 20:43:24'),
(667, 10, 22.5, 1, NULL, '2024-07-09', '22:48:00', 7, '2025-04-29 20:43:24', '2025-04-29 20:43:24'),
(668, 11, -19.0, 1, NULL, '2024-07-09', '22:48:00', 7, '2025-04-29 20:43:24', '2025-04-29 20:43:24'),
(669, 10, 22.0, 1, NULL, '2024-07-10', '22:14:00', 1, '2025-04-29 20:43:24', '2025-04-29 20:43:24'),
(670, 11, -19.0, 1, NULL, '2024-07-10', '22:14:00', 1, '2025-04-29 20:43:24', '2025-04-29 20:43:24'),
(671, 10, 21.2, 1, NULL, '2024-07-11', '22:46:00', 1, '2025-04-29 20:43:24', '2025-04-29 20:43:24'),
(672, 11, -21.0, 1, NULL, '2024-07-11', '22:46:00', 1, '2025-04-29 20:43:24', '2025-04-29 20:43:24'),
(673, 10, 21.7, 1, NULL, '2024-07-12', '22:55:00', 1, '2025-04-29 20:43:24', '2025-04-29 20:43:24'),
(674, 11, -21.0, 1, NULL, '2024-07-12', '22:55:00', 1, '2025-04-29 20:43:24', '2025-04-29 20:43:24'),
(675, 10, 22.6, 1, NULL, '2024-07-13', '22:14:00', 7, '2025-04-29 20:43:24', '2025-04-29 20:43:24'),
(676, 11, -20.0, 1, NULL, '2024-07-13', '22:14:00', 7, '2025-04-29 20:43:24', '2025-04-29 20:43:24'),
(677, 10, 22.6, 1, NULL, '2024-07-14', '22:04:00', 7, '2025-04-29 20:43:24', '2025-04-29 20:43:24'),
(678, 11, -19.0, 1, NULL, '2024-07-14', '22:04:00', 7, '2025-04-29 20:43:24', '2025-04-29 20:43:24'),
(679, 10, 22.6, 1, NULL, '2024-07-15', '22:33:00', 7, '2025-04-29 20:43:24', '2025-04-29 20:43:24'),
(680, 11, -21.0, 1, NULL, '2024-07-15', '22:33:00', 7, '2025-04-29 20:43:24', '2025-04-29 20:43:24'),
(681, 10, 21.9, 1, NULL, '2024-07-16', '22:37:00', 5, '2025-04-29 20:43:24', '2025-04-29 20:43:24'),
(682, 11, -20.0, 1, NULL, '2024-07-16', '22:37:00', 5, '2025-04-29 20:43:24', '2025-04-29 20:43:24'),
(683, 10, 19.5, 1, NULL, '2024-07-17', '22:35:00', 5, '2025-04-29 20:43:24', '2025-04-29 20:43:24'),
(684, 11, -21.0, 1, NULL, '2024-07-17', '22:35:00', 5, '2025-04-29 20:43:24', '2025-04-29 20:43:24'),
(685, 10, 22.4, 1, NULL, '2024-07-18', '22:37:00', 5, '2025-04-29 20:43:24', '2025-04-29 20:43:24'),
(686, 11, -19.0, 1, NULL, '2024-07-18', '22:37:00', 5, '2025-04-29 20:43:24', '2025-04-29 20:43:24'),
(687, 10, 22.6, 1, NULL, '2024-07-19', '22:56:00', 6, '2025-04-29 20:43:24', '2025-04-29 20:43:24'),
(688, 11, -21.0, 1, NULL, '2024-07-19', '22:56:00', 6, '2025-04-29 20:43:24', '2025-04-29 20:43:24'),
(689, 10, 22.2, 1, NULL, '2024-07-20', '22:29:00', 6, '2025-04-29 20:43:24', '2025-04-29 20:43:24'),
(690, 11, -19.0, 1, NULL, '2024-07-20', '22:29:00', 6, '2025-04-29 20:43:24', '2025-04-29 20:43:24'),
(691, 10, 22.3, 1, NULL, '2024-07-21', '22:23:00', 6, '2025-04-29 20:43:24', '2025-04-29 20:43:24'),
(692, 11, -21.0, 1, NULL, '2024-07-21', '22:23:00', 6, '2025-04-29 20:43:24', '2025-04-29 20:43:24'),
(693, 10, 20.8, 1, NULL, '2024-07-22', '22:56:00', 1, '2025-04-29 20:43:24', '2025-04-29 20:43:24'),
(694, 11, -20.0, 1, NULL, '2024-07-22', '22:56:00', 1, '2025-04-29 20:43:24', '2025-04-29 20:43:24'),
(695, 10, 21.0, 1, NULL, '2024-07-23', '22:04:00', 1, '2025-04-29 20:43:24', '2025-04-29 20:43:24'),
(696, 11, -19.0, 1, NULL, '2024-07-23', '22:04:00', 1, '2025-04-29 20:43:24', '2025-04-29 20:43:24'),
(697, 10, 21.7, 1, NULL, '2024-07-24', '22:45:00', 1, '2025-04-29 20:43:24', '2025-04-29 20:43:24'),
(698, 11, -19.0, 1, NULL, '2024-07-24', '22:45:00', 1, '2025-04-29 20:43:24', '2025-04-29 20:43:24'),
(699, 10, 19.2, 1, NULL, '2024-07-25', '22:18:00', 7, '2025-04-29 20:43:24', '2025-04-29 20:43:24'),
(700, 11, -21.0, 1, NULL, '2024-07-25', '22:18:00', 7, '2025-04-29 20:43:24', '2025-04-29 20:43:24'),
(701, 10, 21.0, 1, NULL, '2024-07-26', '22:17:00', 7, '2025-04-29 20:43:24', '2025-04-29 20:43:24'),
(702, 11, -19.0, 1, NULL, '2024-07-26', '22:17:00', 7, '2025-04-29 20:43:24', '2025-04-29 20:43:24'),
(703, 10, 19.7, 1, NULL, '2024-07-27', '22:51:00', 7, '2025-04-29 20:43:24', '2025-04-29 20:43:24'),
(704, 11, -21.0, 1, NULL, '2024-07-27', '22:51:00', 7, '2025-04-29 20:43:24', '2025-04-29 20:43:24'),
(705, 10, 19.3, 1, NULL, '2024-07-28', '22:57:00', 6, '2025-04-29 20:43:24', '2025-04-29 20:43:24'),
(706, 11, -19.0, 1, NULL, '2024-07-28', '22:57:00', 6, '2025-04-29 20:43:24', '2025-04-29 20:43:24'),
(707, 10, 22.1, 1, NULL, '2024-07-29', '22:46:00', 6, '2025-04-29 20:43:24', '2025-04-29 20:43:24'),
(708, 11, -20.0, 1, NULL, '2024-07-29', '22:46:00', 6, '2025-04-29 20:43:24', '2025-04-29 20:43:24'),
(709, 10, 22.8, 1, NULL, '2024-07-30', '22:17:00', 6, '2025-04-29 20:43:24', '2025-04-29 20:43:24'),
(710, 11, -20.0, 1, NULL, '2024-07-30', '22:17:00', 6, '2025-04-29 20:43:24', '2025-04-29 20:43:24'),
(711, 10, 19.5, 1, NULL, '2024-07-31', '22:42:00', 7, '2025-04-29 20:43:24', '2025-04-29 20:43:24'),
(712, 11, -19.0, 1, NULL, '2024-07-31', '22:42:00', 7, '2025-04-29 20:43:24', '2025-04-29 20:43:24'),
(713, 10, 19.7, 1, NULL, '2024-08-01', '22:30:00', 7, '2025-04-29 20:43:24', '2025-04-29 20:43:24'),
(714, 11, -21.0, 1, NULL, '2024-08-01', '22:30:00', 7, '2025-04-29 20:43:24', '2025-04-29 20:43:24'),
(715, 10, 20.9, 1, NULL, '2024-08-02', '22:40:00', 7, '2025-04-29 20:43:24', '2025-04-29 20:43:24'),
(716, 11, -19.0, 1, NULL, '2024-08-02', '22:40:00', 7, '2025-04-29 20:43:24', '2025-04-29 20:43:24'),
(717, 10, 21.5, 1, NULL, '2024-08-03', '22:40:00', 1, '2025-04-29 20:43:24', '2025-04-29 20:43:24'),
(718, 11, -21.0, 1, NULL, '2024-08-03', '22:40:00', 1, '2025-04-29 20:43:24', '2025-04-29 20:43:24'),
(719, 10, 21.1, 1, NULL, '2024-08-04', '22:49:00', 1, '2025-04-29 20:43:24', '2025-04-29 20:43:24'),
(720, 11, -21.0, 1, NULL, '2024-08-04', '22:49:00', 1, '2025-04-29 20:43:24', '2025-04-29 20:43:24'),
(721, 10, 18.0, 1, NULL, '2024-08-05', '22:50:00', 1, '2025-04-29 20:43:24', '2025-04-29 20:43:24'),
(722, 11, -19.0, 1, NULL, '2024-08-05', '22:50:00', 1, '2025-04-29 20:43:24', '2025-04-29 20:43:24'),
(723, 10, 21.8, 1, NULL, '2024-08-06', '22:24:00', 5, '2025-04-29 20:43:24', '2025-04-29 20:43:24'),
(724, 11, -19.0, 1, NULL, '2024-08-06', '22:24:00', 5, '2025-04-29 20:43:24', '2025-04-29 20:43:24'),
(725, 10, 23.0, 1, NULL, '2024-08-07', '22:23:00', 5, '2025-04-29 20:43:24', '2025-04-29 20:43:24'),
(726, 11, -19.0, 1, NULL, '2024-08-07', '22:23:00', 5, '2025-04-29 20:43:24', '2025-04-29 20:43:24'),
(727, 10, 20.3, 1, NULL, '2024-08-08', '22:18:00', 5, '2025-04-29 20:43:24', '2025-04-29 20:43:24'),
(728, 11, -21.0, 1, NULL, '2024-08-08', '22:18:00', 5, '2025-04-29 20:43:24', '2025-04-29 20:43:24'),
(729, 10, 20.9, 1, NULL, '2024-08-09', '22:09:00', 1, '2025-04-29 20:43:24', '2025-04-29 20:43:24'),
(730, 11, -20.0, 1, NULL, '2024-08-09', '22:09:00', 1, '2025-04-29 20:43:24', '2025-04-29 20:43:24'),
(731, 10, 19.6, 1, NULL, '2024-08-10', '22:12:00', 1, '2025-04-29 20:43:24', '2025-04-29 20:43:24'),
(732, 11, -20.0, 1, NULL, '2024-08-10', '22:12:00', 1, '2025-04-29 20:43:24', '2025-04-29 20:43:24'),
(733, 10, 21.2, 1, NULL, '2024-08-11', '22:28:00', 1, '2025-04-29 20:43:24', '2025-04-29 20:43:24'),
(734, 11, -21.0, 1, NULL, '2024-08-11', '22:28:00', 1, '2025-04-29 20:43:24', '2025-04-29 20:43:24'),
(735, 10, 21.7, 1, NULL, '2024-08-12', '22:19:00', 1, '2025-04-29 20:43:24', '2025-04-29 20:43:24'),
(736, 11, -21.0, 1, NULL, '2024-08-12', '22:19:00', 1, '2025-04-29 20:43:24', '2025-04-29 20:43:24'),
(737, 10, 19.1, 1, NULL, '2024-08-13', '22:38:00', 1, '2025-04-29 20:43:24', '2025-04-29 20:43:24'),
(738, 11, -19.0, 1, NULL, '2024-08-13', '22:38:00', 1, '2025-04-29 20:43:24', '2025-04-29 20:43:24'),
(739, 10, 22.9, 1, NULL, '2024-08-14', '22:56:00', 1, '2025-04-29 20:43:24', '2025-04-29 20:43:24'),
(740, 11, -19.0, 1, NULL, '2024-08-14', '22:56:00', 1, '2025-04-29 20:43:24', '2025-04-29 20:43:24'),
(741, 10, 21.4, 1, NULL, '2024-08-15', '22:04:00', 1, '2025-04-29 20:43:24', '2025-04-29 20:43:24'),
(742, 11, -21.0, 1, NULL, '2024-08-15', '22:04:00', 1, '2025-04-29 20:43:24', '2025-04-29 20:43:24'),
(743, 10, 18.3, 1, NULL, '2024-08-16', '22:49:00', 1, '2025-04-29 20:43:24', '2025-04-29 20:43:24'),
(744, 11, -20.0, 1, NULL, '2024-08-16', '22:49:00', 1, '2025-04-29 20:43:24', '2025-04-29 20:43:24'),
(745, 10, 20.0, 1, NULL, '2024-08-17', '22:26:00', 1, '2025-04-29 20:43:24', '2025-04-29 20:43:24'),
(746, 11, -21.0, 1, NULL, '2024-08-17', '22:26:00', 1, '2025-04-29 20:43:24', '2025-04-29 20:43:24'),
(747, 10, 18.6, 1, NULL, '2024-08-18', '22:22:00', 7, '2025-04-29 20:43:24', '2025-04-29 20:43:24'),
(748, 11, -21.0, 1, NULL, '2024-08-18', '22:22:00', 7, '2025-04-29 20:43:24', '2025-04-29 20:43:24'),
(749, 10, 21.0, 1, NULL, '2024-08-19', '22:02:00', 7, '2025-04-29 20:43:24', '2025-04-29 20:43:24'),
(750, 11, -21.0, 1, NULL, '2024-08-19', '22:02:00', 7, '2025-04-29 20:43:24', '2025-04-29 20:43:24'),
(751, 10, 20.9, 1, NULL, '2024-08-20', '22:21:00', 7, '2025-04-29 20:43:24', '2025-04-29 20:43:24'),
(752, 11, -20.0, 1, NULL, '2024-08-20', '22:21:00', 7, '2025-04-29 20:43:24', '2025-04-29 20:43:24'),
(753, 10, 22.7, 1, NULL, '2024-08-21', '22:42:00', 7, '2025-04-29 20:43:24', '2025-04-29 20:43:24'),
(754, 11, -21.0, 1, NULL, '2024-08-21', '22:42:00', 7, '2025-04-29 20:43:24', '2025-04-29 20:43:24'),
(755, 10, 19.5, 1, NULL, '2024-08-22', '22:52:00', 7, '2025-04-29 20:43:24', '2025-04-29 20:43:24'),
(756, 11, -19.0, 1, NULL, '2024-08-22', '22:52:00', 7, '2025-04-29 20:43:24', '2025-04-29 20:43:24'),
(757, 10, 20.1, 1, NULL, '2024-08-23', '22:48:00', 7, '2025-04-29 20:43:24', '2025-04-29 20:43:24'),
(758, 11, -20.0, 1, NULL, '2024-08-23', '22:48:00', 7, '2025-04-29 20:43:24', '2025-04-29 20:43:24'),
(759, 10, 22.0, 1, NULL, '2024-08-24', '22:57:00', 7, '2025-04-29 20:43:24', '2025-04-29 20:43:24'),
(760, 11, -21.0, 1, NULL, '2024-08-24', '22:57:00', 7, '2025-04-29 20:43:24', '2025-04-29 20:43:24'),
(761, 10, 23.0, 1, NULL, '2024-08-25', '22:26:00', 7, '2025-04-29 20:43:24', '2025-04-29 20:43:24'),
(762, 11, -19.0, 1, NULL, '2024-08-25', '22:26:00', 7, '2025-04-29 20:43:24', '2025-04-29 20:43:24'),
(763, 10, 20.7, 1, NULL, '2024-08-26', '22:22:00', 7, '2025-04-29 20:43:24', '2025-04-29 20:43:24'),
(764, 11, -20.0, 1, NULL, '2024-08-26', '22:22:00', 7, '2025-04-29 20:43:24', '2025-04-29 20:43:24'),
(765, 10, 20.1, 1, NULL, '2024-08-27', '22:39:00', 7, '2025-04-29 20:43:24', '2025-04-29 20:43:24'),
(766, 11, -19.0, 1, NULL, '2024-08-27', '22:39:00', 7, '2025-04-29 20:43:24', '2025-04-29 20:43:24'),
(767, 10, 21.4, 1, NULL, '2024-08-28', '22:42:00', 7, '2025-04-29 20:43:24', '2025-04-29 20:43:24'),
(768, 11, -19.0, 1, NULL, '2024-08-28', '22:42:00', 7, '2025-04-29 20:43:24', '2025-04-29 20:43:24'),
(769, 10, 20.0, 1, NULL, '2024-08-29', '22:49:00', 7, '2025-04-29 20:43:24', '2025-04-29 20:43:24'),
(770, 11, -20.0, 1, NULL, '2024-08-29', '22:49:00', 7, '2025-04-29 20:43:24', '2025-04-29 20:43:24'),
(771, 10, 20.1, 1, NULL, '2024-08-30', '22:34:00', 1, '2025-04-29 20:43:24', '2025-04-29 20:43:24'),
(772, 11, -19.0, 1, NULL, '2024-08-30', '22:34:00', 1, '2025-04-29 20:43:24', '2025-04-29 20:43:24'),
(773, 10, 21.2, 1, NULL, '2024-08-31', '22:25:00', 1, '2025-04-29 20:43:24', '2025-04-29 20:43:24'),
(774, 11, -20.0, 1, NULL, '2024-08-31', '22:25:00', 1, '2025-04-29 20:43:24', '2025-04-29 20:43:24'),
(775, 10, 22.4, 1, NULL, '2024-09-01', '22:54:00', 1, '2025-04-29 20:43:24', '2025-04-29 20:43:24'),
(776, 11, -20.0, 1, NULL, '2024-09-01', '22:54:00', 1, '2025-04-29 20:43:24', '2025-04-29 20:43:24'),
(777, 10, 18.5, 1, NULL, '2024-09-02', '22:52:00', 7, '2025-04-29 20:43:24', '2025-04-29 20:43:24'),
(778, 11, -21.0, 1, NULL, '2024-09-02', '22:52:00', 7, '2025-04-29 20:43:24', '2025-04-29 20:43:24'),
(779, 10, 21.5, 1, NULL, '2024-09-03', '22:38:00', 7, '2025-04-29 20:43:24', '2025-04-29 20:43:24'),
(780, 11, -21.0, 1, NULL, '2024-09-03', '22:38:00', 7, '2025-04-29 20:43:24', '2025-04-29 20:43:24'),
(781, 10, 19.1, 1, NULL, '2024-09-04', '22:34:00', 7, '2025-04-29 20:43:24', '2025-04-29 20:43:24'),
(782, 11, -21.0, 1, NULL, '2024-09-04', '22:34:00', 7, '2025-04-29 20:43:24', '2025-04-29 20:43:24'),
(783, 10, 22.6, 1, NULL, '2024-09-05', '22:17:00', 1, '2025-04-29 20:43:24', '2025-04-29 20:43:24'),
(784, 11, -21.0, 1, NULL, '2024-09-05', '22:17:00', 1, '2025-04-29 20:43:24', '2025-04-29 20:43:24'),
(785, 10, 19.6, 1, NULL, '2024-09-06', '22:17:00', 1, '2025-04-29 20:43:24', '2025-04-29 20:43:24'),
(786, 11, -19.0, 1, NULL, '2024-09-06', '22:17:00', 1, '2025-04-29 20:43:24', '2025-04-29 20:43:24'),
(787, 10, 19.6, 1, NULL, '2024-09-07', '22:41:00', 1, '2025-04-29 20:43:24', '2025-04-29 20:43:24'),
(788, 11, -21.0, 1, NULL, '2024-09-07', '22:41:00', 1, '2025-04-29 20:43:24', '2025-04-29 20:43:24'),
(789, 10, 18.7, 1, NULL, '2024-09-08', '22:14:00', 1, '2025-04-29 20:43:24', '2025-04-29 20:43:24'),
(790, 11, -20.0, 1, NULL, '2024-09-08', '22:14:00', 1, '2025-04-29 20:43:24', '2025-04-29 20:43:24'),
(791, 10, 20.9, 1, NULL, '2024-09-09', '22:34:00', 1, '2025-04-29 20:43:24', '2025-04-29 20:43:24'),
(792, 11, -20.0, 1, NULL, '2024-09-09', '22:34:00', 1, '2025-04-29 20:43:24', '2025-04-29 20:43:24'),
(793, 10, 22.4, 1, NULL, '2024-09-10', '22:11:00', 1, '2025-04-29 20:43:24', '2025-04-29 20:43:24'),
(794, 11, -21.0, 1, NULL, '2024-09-10', '22:11:00', 1, '2025-04-29 20:43:24', '2025-04-29 20:43:24'),
(795, 10, 21.6, 1, NULL, '2024-09-11', '22:39:00', 1, '2025-04-29 20:43:24', '2025-04-29 20:43:24'),
(796, 11, -20.0, 1, NULL, '2024-09-11', '22:39:00', 1, '2025-04-29 20:43:24', '2025-04-29 20:43:24'),
(797, 10, 20.3, 1, NULL, '2024-09-12', '22:32:00', 1, '2025-04-29 20:43:24', '2025-04-29 20:43:24'),
(798, 11, -21.0, 1, NULL, '2024-09-12', '22:32:00', 1, '2025-04-29 20:43:24', '2025-04-29 20:43:24'),
(799, 10, 22.9, 1, NULL, '2024-09-13', '22:26:00', 1, '2025-04-29 20:43:24', '2025-04-29 20:43:24'),
(800, 11, -20.0, 1, NULL, '2024-09-13', '22:26:00', 1, '2025-04-29 20:43:24', '2025-04-29 20:43:24'),
(801, 10, 19.8, 1, NULL, '2024-09-14', '22:29:00', 1, '2025-04-29 20:43:24', '2025-04-29 20:43:24'),
(802, 11, -19.0, 1, NULL, '2024-09-14', '22:29:00', 1, '2025-04-29 20:43:24', '2025-04-29 20:43:24'),
(803, 10, 22.0, 1, NULL, '2024-09-15', '22:46:00', 1, '2025-04-29 20:43:24', '2025-04-29 20:43:24'),
(804, 11, -19.0, 1, NULL, '2024-09-15', '22:46:00', 1, '2025-04-29 20:43:24', '2025-04-29 20:43:24'),
(805, 10, 19.0, 1, NULL, '2024-09-16', '22:04:00', 1, '2025-04-29 20:43:24', '2025-04-29 20:43:24'),
(806, 11, -21.0, 1, NULL, '2024-09-16', '22:04:00', 1, '2025-04-29 20:43:24', '2025-04-29 20:43:24'),
(807, 10, 22.1, 1, NULL, '2024-09-17', '22:47:00', 5, '2025-04-29 20:43:24', '2025-04-29 20:43:24'),
(808, 11, -20.0, 1, NULL, '2024-09-17', '22:47:00', 5, '2025-04-29 20:43:24', '2025-04-29 20:43:24'),
(809, 10, 19.8, 1, NULL, '2024-09-18', '22:24:00', 5, '2025-04-29 20:43:24', '2025-04-29 20:43:24'),
(810, 11, -19.0, 1, NULL, '2024-09-18', '22:24:00', 5, '2025-04-29 20:43:24', '2025-04-29 20:43:24'),
(811, 10, 19.4, 1, NULL, '2024-09-19', '22:42:00', 5, '2025-04-29 20:43:24', '2025-04-29 20:43:24'),
(812, 11, -19.0, 1, NULL, '2024-09-19', '22:42:00', 5, '2025-04-29 20:43:24', '2025-04-29 20:43:24'),
(813, 10, 20.9, 1, NULL, '2024-09-20', '22:07:00', 7, '2025-04-29 20:43:24', '2025-04-29 20:43:24'),
(814, 11, -20.0, 1, NULL, '2024-09-20', '22:07:00', 7, '2025-04-29 20:43:24', '2025-04-29 20:43:24'),
(815, 10, 22.4, 1, NULL, '2024-09-21', '22:11:00', 7, '2025-04-29 20:43:24', '2025-04-29 20:43:24'),
(816, 11, -20.0, 1, NULL, '2024-09-21', '22:11:00', 7, '2025-04-29 20:43:24', '2025-04-29 20:43:24'),
(817, 10, 21.9, 1, NULL, '2024-09-22', '22:43:00', 7, '2025-04-29 20:43:24', '2025-04-29 20:43:24'),
(818, 11, -20.0, 1, NULL, '2024-09-22', '22:43:00', 7, '2025-04-29 20:43:24', '2025-04-29 20:43:24'),
(819, 10, 22.4, 1, NULL, '2024-09-23', '22:14:00', 5, '2025-04-29 20:43:24', '2025-04-29 20:43:24'),
(820, 11, -20.0, 1, NULL, '2024-09-23', '22:14:00', 5, '2025-04-29 20:43:24', '2025-04-29 20:43:24'),
(821, 10, 22.7, 1, NULL, '2024-09-24', '22:54:00', 5, '2025-04-29 20:43:24', '2025-04-29 20:43:24'),
(822, 11, -20.0, 1, NULL, '2024-09-24', '22:54:00', 5, '2025-04-29 20:43:24', '2025-04-29 20:43:24'),
(823, 10, 22.4, 1, NULL, '2024-09-25', '22:45:00', 5, '2025-04-29 20:43:24', '2025-04-29 20:43:24'),
(824, 11, -20.0, 1, NULL, '2024-09-25', '22:45:00', 5, '2025-04-29 20:43:24', '2025-04-29 20:43:24'),
(825, 10, 18.5, 1, NULL, '2024-09-26', '22:32:00', 1, '2025-04-29 20:43:24', '2025-04-29 20:43:24'),
(826, 11, -19.0, 1, NULL, '2024-09-26', '22:32:00', 1, '2025-04-29 20:43:24', '2025-04-29 20:43:24'),
(827, 10, 21.0, 1, NULL, '2024-09-27', '22:46:00', 1, '2025-04-29 20:43:24', '2025-04-29 20:43:24'),
(828, 11, -20.0, 1, NULL, '2024-09-27', '22:46:00', 1, '2025-04-29 20:43:24', '2025-04-29 20:43:24'),
(829, 10, 18.8, 1, NULL, '2024-09-28', '22:02:00', 1, '2025-04-29 20:43:24', '2025-04-29 20:43:24'),
(830, 11, -21.0, 1, NULL, '2024-09-28', '22:02:00', 1, '2025-04-29 20:43:24', '2025-04-29 20:43:24'),
(831, 10, 19.9, 1, NULL, '2024-09-29', '22:11:00', 1, '2025-04-29 20:43:24', '2025-04-29 20:43:24'),
(832, 11, -21.0, 1, NULL, '2024-09-29', '22:11:00', 1, '2025-04-29 20:43:24', '2025-04-29 20:43:24'),
(833, 10, 19.4, 1, NULL, '2024-09-30', '22:01:00', 1, '2025-04-29 20:43:24', '2025-04-29 20:43:24'),
(834, 11, -19.0, 1, NULL, '2024-09-30', '22:01:00', 1, '2025-04-29 20:43:24', '2025-04-29 20:43:24'),
(835, 10, 20.7, 1, NULL, '2024-10-01', '22:08:00', 1, '2025-04-29 20:43:24', '2025-04-29 20:43:24'),
(836, 11, -21.0, 1, NULL, '2024-10-01', '22:08:00', 1, '2025-04-29 20:43:24', '2025-04-29 20:43:24'),
(837, 10, 20.4, 1, NULL, '2024-10-02', '22:07:00', 5, '2025-04-29 20:43:24', '2025-04-29 20:43:24'),
(838, 11, -20.0, 1, NULL, '2024-10-02', '22:07:00', 5, '2025-04-29 20:43:24', '2025-04-29 20:43:24'),
(839, 10, 22.5, 1, NULL, '2024-10-03', '22:39:00', 5, '2025-04-29 20:43:24', '2025-04-29 20:43:24'),
(840, 11, -19.0, 1, NULL, '2024-10-03', '22:39:00', 5, '2025-04-29 20:43:24', '2025-04-29 20:43:24'),
(841, 10, 19.4, 1, NULL, '2024-10-04', '22:41:00', 5, '2025-04-29 20:43:24', '2025-04-29 20:43:24'),
(842, 11, -20.0, 1, NULL, '2024-10-04', '22:41:00', 5, '2025-04-29 20:43:24', '2025-04-29 20:43:24'),
(843, 10, 21.5, 1, NULL, '2024-10-05', '22:10:00', 1, '2025-04-29 20:43:24', '2025-04-29 20:43:24'),
(844, 11, -20.0, 1, NULL, '2024-10-05', '22:10:00', 1, '2025-04-29 20:43:24', '2025-04-29 20:43:24'),
(845, 10, 19.0, 1, NULL, '2024-10-06', '22:16:00', 1, '2025-04-29 20:43:24', '2025-04-29 20:43:24'),
(846, 11, -21.0, 1, NULL, '2024-10-06', '22:16:00', 1, '2025-04-29 20:43:24', '2025-04-29 20:43:24'),
(847, 10, 19.5, 1, NULL, '2024-10-07', '22:00:00', 1, '2025-04-29 20:43:24', '2025-04-29 20:43:24'),
(848, 11, -21.0, 1, NULL, '2024-10-07', '22:00:00', 1, '2025-04-29 20:43:24', '2025-04-29 20:43:24'),
(849, 10, 22.2, 1, NULL, '2024-10-08', '22:48:00', 1, '2025-04-29 20:43:24', '2025-04-29 20:43:24'),
(850, 11, -21.0, 1, NULL, '2024-10-08', '22:48:00', 1, '2025-04-29 20:43:24', '2025-04-29 20:43:24'),
(851, 10, 22.5, 1, NULL, '2024-10-09', '22:26:00', 1, '2025-04-29 20:43:24', '2025-04-29 20:43:24'),
(852, 11, -21.0, 1, NULL, '2024-10-09', '22:26:00', 1, '2025-04-29 20:43:24', '2025-04-29 20:43:24'),
(853, 10, 19.3, 1, NULL, '2024-10-10', '22:33:00', 1, '2025-04-29 20:43:24', '2025-04-29 20:43:24'),
(854, 11, -21.0, 1, NULL, '2024-10-10', '22:33:00', 1, '2025-04-29 20:43:24', '2025-04-29 20:43:24'),
(855, 10, 22.7, 1, NULL, '2024-10-11', '22:01:00', 1, '2025-04-29 20:43:24', '2025-04-29 20:43:24'),
(856, 11, -21.0, 1, NULL, '2024-10-11', '22:01:00', 1, '2025-04-29 20:43:24', '2025-04-29 20:43:24'),
(857, 10, 19.9, 1, NULL, '2024-10-12', '22:13:00', 1, '2025-04-29 20:43:24', '2025-04-29 20:43:24'),
(858, 11, -20.0, 1, NULL, '2024-10-12', '22:13:00', 1, '2025-04-29 20:43:24', '2025-04-29 20:43:24'),
(859, 10, 22.8, 1, NULL, '2024-10-13', '22:42:00', 1, '2025-04-29 20:43:24', '2025-04-29 20:43:24'),
(860, 11, -19.0, 1, NULL, '2024-10-13', '22:42:00', 1, '2025-04-29 20:43:24', '2025-04-29 20:43:24'),
(861, 10, 18.4, 1, NULL, '2024-10-14', '22:55:00', 7, '2025-04-29 20:43:24', '2025-04-29 20:43:24'),
(862, 11, -19.0, 1, NULL, '2024-10-14', '22:55:00', 7, '2025-04-29 20:43:24', '2025-04-29 20:43:24'),
(863, 10, 20.4, 1, NULL, '2024-10-15', '22:29:00', 7, '2025-04-29 20:43:24', '2025-04-29 20:43:24'),
(864, 11, -19.0, 1, NULL, '2024-10-15', '22:29:00', 7, '2025-04-29 20:43:24', '2025-04-29 20:43:24'),
(865, 10, 18.1, 1, NULL, '2024-10-16', '22:39:00', 7, '2025-04-29 20:43:24', '2025-04-29 20:43:24'),
(866, 11, -21.0, 1, NULL, '2024-10-16', '22:39:00', 7, '2025-04-29 20:43:24', '2025-04-29 20:43:24'),
(867, 10, 21.9, 1, NULL, '2024-10-17', '22:47:00', 5, '2025-04-29 20:43:24', '2025-04-29 20:43:24'),
(868, 11, -19.0, 1, NULL, '2024-10-17', '22:47:00', 5, '2025-04-29 20:43:24', '2025-04-29 20:43:24'),
(869, 10, 22.6, 1, NULL, '2024-10-18', '22:07:00', 5, '2025-04-29 20:43:24', '2025-04-29 20:43:24'),
(870, 11, -20.0, 1, NULL, '2024-10-18', '22:07:00', 5, '2025-04-29 20:43:24', '2025-04-29 20:43:24'),
(871, 10, 22.9, 1, NULL, '2024-10-19', '22:47:00', 5, '2025-04-29 20:43:24', '2025-04-29 20:43:24'),
(872, 11, -19.0, 1, NULL, '2024-10-19', '22:47:00', 5, '2025-04-29 20:43:24', '2025-04-29 20:43:24'),
(873, 10, 22.2, 1, NULL, '2024-10-20', '22:07:00', 1, '2025-04-29 20:43:24', '2025-04-29 20:43:24'),
(874, 11, -21.0, 1, NULL, '2024-10-20', '22:07:00', 1, '2025-04-29 20:43:24', '2025-04-29 20:43:24'),
(875, 10, 22.6, 1, NULL, '2024-10-21', '22:02:00', 1, '2025-04-29 20:43:24', '2025-04-29 20:43:24'),
(876, 11, -20.0, 1, NULL, '2024-10-21', '22:02:00', 1, '2025-04-29 20:43:24', '2025-04-29 20:43:24'),
(877, 10, 21.0, 1, NULL, '2024-10-22', '22:39:00', 1, '2025-04-29 20:43:24', '2025-04-29 20:43:24'),
(878, 11, -20.0, 1, NULL, '2024-10-22', '22:39:00', 1, '2025-04-29 20:43:24', '2025-04-29 20:43:24'),
(879, 10, 22.7, 1, NULL, '2024-10-23', '22:55:00', 6, '2025-04-29 20:43:24', '2025-04-29 20:43:24'),
(880, 11, -21.0, 1, NULL, '2024-10-23', '22:55:00', 6, '2025-04-29 20:43:24', '2025-04-29 20:43:24'),
(881, 10, 22.9, 1, NULL, '2024-10-24', '22:13:00', 6, '2025-04-29 20:43:24', '2025-04-29 20:43:24'),
(882, 11, -19.0, 1, NULL, '2024-10-24', '22:13:00', 6, '2025-04-29 20:43:24', '2025-04-29 20:43:24'),
(883, 10, 19.1, 1, NULL, '2024-10-25', '22:10:00', 6, '2025-04-29 20:43:24', '2025-04-29 20:43:24'),
(884, 11, -21.0, 1, NULL, '2024-10-25', '22:10:00', 6, '2025-04-29 20:43:24', '2025-04-29 20:43:24'),
(885, 10, 19.6, 1, NULL, '2024-10-26', '22:56:00', 1, '2025-04-29 20:43:24', '2025-04-29 20:43:24'),
(886, 11, -21.0, 1, NULL, '2024-10-26', '22:56:00', 1, '2025-04-29 20:43:24', '2025-04-29 20:43:24'),
(887, 10, 19.8, 1, NULL, '2024-10-27', '22:24:00', 1, '2025-04-29 20:43:24', '2025-04-29 20:43:24'),
(888, 11, -19.0, 1, NULL, '2024-10-27', '22:24:00', 1, '2025-04-29 20:43:24', '2025-04-29 20:43:24'),
(889, 10, 18.2, 1, NULL, '2024-10-28', '22:49:00', 1, '2025-04-29 20:43:24', '2025-04-29 20:43:24'),
(890, 11, -20.0, 1, NULL, '2024-10-28', '22:49:00', 1, '2025-04-29 20:43:24', '2025-04-29 20:43:24'),
(891, 10, 19.7, 1, NULL, '2024-10-29', '22:27:00', 1, '2025-04-29 20:43:24', '2025-04-29 20:43:24'),
(892, 11, -20.0, 1, NULL, '2024-10-29', '22:27:00', 1, '2025-04-29 20:43:24', '2025-04-29 20:43:24'),
(893, 10, 22.4, 1, NULL, '2024-10-30', '22:24:00', 1, '2025-04-29 20:43:24', '2025-04-29 20:43:24'),
(894, 11, -20.0, 1, NULL, '2024-10-30', '22:24:00', 1, '2025-04-29 20:43:24', '2025-04-29 20:43:24'),
(895, 10, 18.5, 1, NULL, '2024-10-31', '22:26:00', 1, '2025-04-29 20:43:24', '2025-04-29 20:43:24'),
(896, 11, -19.0, 1, NULL, '2024-10-31', '22:26:00', 1, '2025-04-29 20:43:24', '2025-04-29 20:43:24'),
(897, 10, 20.2, 1, NULL, '2024-11-01', '22:43:00', 5, '2025-04-29 20:43:24', '2025-04-29 20:43:24'),
(898, 11, -21.0, 1, NULL, '2024-11-01', '22:43:00', 5, '2025-04-29 20:43:24', '2025-04-29 20:43:24'),
(899, 10, 21.2, 1, NULL, '2024-11-02', '22:10:00', 5, '2025-04-29 20:43:24', '2025-04-29 20:43:24'),
(900, 11, -20.0, 1, NULL, '2024-11-02', '22:10:00', 5, '2025-04-29 20:43:24', '2025-04-29 20:43:24'),
(901, 10, 22.2, 1, NULL, '2024-11-03', '22:20:00', 5, '2025-04-29 20:43:24', '2025-04-29 20:43:24'),
(902, 11, -20.0, 1, NULL, '2024-11-03', '22:20:00', 5, '2025-04-29 20:43:24', '2025-04-29 20:43:24'),
(903, 10, 18.9, 1, NULL, '2024-11-04', '22:20:00', 7, '2025-04-29 20:43:24', '2025-04-29 20:43:24'),
(904, 11, -21.0, 1, NULL, '2024-11-04', '22:20:00', 7, '2025-04-29 20:43:24', '2025-04-29 20:43:24'),
(905, 10, 18.4, 1, NULL, '2024-11-05', '22:53:00', 7, '2025-04-29 20:43:24', '2025-04-29 20:43:24'),
(906, 11, -19.0, 1, NULL, '2024-11-05', '22:53:00', 7, '2025-04-29 20:43:24', '2025-04-29 20:43:24'),
(907, 10, 19.6, 1, NULL, '2024-11-06', '22:02:00', 7, '2025-04-29 20:43:24', '2025-04-29 20:43:24'),
(908, 11, -20.0, 1, NULL, '2024-11-06', '22:02:00', 7, '2025-04-29 20:43:24', '2025-04-29 20:43:24'),
(909, 10, 19.6, 1, NULL, '2024-11-07', '22:32:00', 1, '2025-04-29 20:43:24', '2025-04-29 20:43:24'),
(910, 11, -21.0, 1, NULL, '2024-11-07', '22:32:00', 1, '2025-04-29 20:43:24', '2025-04-29 20:43:24'),
(911, 10, 20.1, 1, NULL, '2024-11-08', '22:58:00', 1, '2025-04-29 20:43:24', '2025-04-29 20:43:24'),
(912, 11, -19.0, 1, NULL, '2024-11-08', '22:58:00', 1, '2025-04-29 20:43:24', '2025-04-29 20:43:24'),
(913, 10, 22.3, 1, NULL, '2024-11-09', '22:30:00', 1, '2025-04-29 20:43:24', '2025-04-29 20:43:24'),
(914, 11, -21.0, 1, NULL, '2024-11-09', '22:30:00', 1, '2025-04-29 20:43:24', '2025-04-29 20:43:24'),
(915, 10, 21.0, 1, NULL, '2024-11-10', '22:41:00', 1, '2025-04-29 20:43:24', '2025-04-29 20:43:24'),
(916, 11, -21.0, 1, NULL, '2024-11-10', '22:41:00', 1, '2025-04-29 20:43:24', '2025-04-29 20:43:24'),
(917, 10, 20.4, 1, NULL, '2024-11-11', '22:14:00', 1, '2025-04-29 20:43:24', '2025-04-29 20:43:24'),
(918, 11, -19.0, 1, NULL, '2024-11-11', '22:14:00', 1, '2025-04-29 20:43:24', '2025-04-29 20:43:24'),
(919, 10, 21.0, 1, NULL, '2024-11-12', '22:15:00', 1, '2025-04-29 20:43:24', '2025-04-29 20:43:24'),
(920, 11, -19.0, 1, NULL, '2024-11-12', '22:15:00', 1, '2025-04-29 20:43:24', '2025-04-29 20:43:24'),
(921, 10, 19.3, 1, NULL, '2024-11-13', '22:49:00', 1, '2025-04-29 20:43:24', '2025-04-29 20:43:24'),
(922, 11, -20.0, 1, NULL, '2024-11-13', '22:49:00', 1, '2025-04-29 20:43:24', '2025-04-29 20:43:24'),
(923, 10, 22.3, 1, NULL, '2024-11-14', '22:39:00', 1, '2025-04-29 20:43:24', '2025-04-29 20:43:24'),
(924, 11, -21.0, 1, NULL, '2024-11-14', '22:39:00', 1, '2025-04-29 20:43:24', '2025-04-29 20:43:24'),
(925, 10, 20.0, 1, NULL, '2024-11-15', '22:19:00', 1, '2025-04-29 20:43:24', '2025-04-29 20:43:24'),
(926, 11, -19.0, 1, NULL, '2024-11-15', '22:19:00', 1, '2025-04-29 20:43:24', '2025-04-29 20:43:24'),
(927, 10, 20.2, 1, NULL, '2024-11-16', '22:33:00', 1, '2025-04-29 20:43:24', '2025-04-29 20:43:24'),
(928, 11, -21.0, 1, NULL, '2024-11-16', '22:33:00', 1, '2025-04-29 20:43:24', '2025-04-29 20:43:24'),
(929, 10, 18.1, 1, NULL, '2024-11-17', '22:35:00', 1, '2025-04-29 20:43:24', '2025-04-29 20:43:24'),
(930, 11, -21.0, 1, NULL, '2024-11-17', '22:35:00', 1, '2025-04-29 20:43:24', '2025-04-29 20:43:24'),
(931, 10, 19.2, 1, NULL, '2024-11-18', '22:35:00', 1, '2025-04-29 20:43:24', '2025-04-29 20:43:24'),
(932, 11, -20.0, 1, NULL, '2024-11-18', '22:35:00', 1, '2025-04-29 20:43:24', '2025-04-29 20:43:24'),
(933, 10, 18.8, 1, NULL, '2024-11-19', '22:57:00', 1, '2025-04-29 20:43:24', '2025-04-29 20:43:24'),
(934, 11, -20.0, 1, NULL, '2024-11-19', '22:57:00', 1, '2025-04-29 20:43:24', '2025-04-29 20:43:24'),
(935, 10, 22.7, 1, NULL, '2024-11-20', '22:53:00', 1, '2025-04-29 20:43:24', '2025-04-29 20:43:24'),
(936, 11, -21.0, 1, NULL, '2024-11-20', '22:53:00', 1, '2025-04-29 20:43:24', '2025-04-29 20:43:24'),
(937, 10, 21.4, 1, NULL, '2024-11-21', '22:58:00', 1, '2025-04-29 20:43:24', '2025-04-29 20:43:24'),
(938, 11, -19.0, 1, NULL, '2024-11-21', '22:58:00', 1, '2025-04-29 20:43:24', '2025-04-29 20:43:24'),
(939, 10, 21.8, 1, NULL, '2024-11-22', '22:38:00', 1, '2025-04-29 20:43:24', '2025-04-29 20:43:24'),
(940, 11, -21.0, 1, NULL, '2024-11-22', '22:38:00', 1, '2025-04-29 20:43:24', '2025-04-29 20:43:24'),
(941, 10, 20.6, 1, NULL, '2024-11-23', '22:15:00', 1, '2025-04-29 20:43:24', '2025-04-29 20:43:24'),
(942, 11, -19.0, 1, NULL, '2024-11-23', '22:15:00', 1, '2025-04-29 20:43:24', '2025-04-29 20:43:24'),
(943, 10, 18.6, 1, NULL, '2024-11-24', '22:59:00', 1, '2025-04-29 20:43:24', '2025-04-29 20:43:24'),
(944, 11, -19.0, 1, NULL, '2024-11-24', '22:59:00', 1, '2025-04-29 20:43:24', '2025-04-29 20:43:24'),
(945, 10, 21.7, 1, NULL, '2024-11-25', '22:34:00', 1, '2025-04-29 20:43:24', '2025-04-29 20:43:24'),
(946, 11, -20.0, 1, NULL, '2024-11-25', '22:34:00', 1, '2025-04-29 20:43:24', '2025-04-29 20:43:24'),
(947, 10, 21.0, 1, NULL, '2024-11-26', '22:52:00', 1, '2025-04-29 20:43:24', '2025-04-29 20:43:24'),
(948, 11, -19.0, 1, NULL, '2024-11-26', '22:52:00', 1, '2025-04-29 20:43:24', '2025-04-29 20:43:24'),
(949, 10, 22.1, 1, NULL, '2024-11-27', '22:23:00', 1, '2025-04-29 20:43:24', '2025-04-29 20:43:24'),
(950, 11, -20.0, 1, NULL, '2024-11-27', '22:23:00', 1, '2025-04-29 20:43:24', '2025-04-29 20:43:24'),
(951, 10, 19.8, 1, NULL, '2024-11-28', '22:11:00', 1, '2025-04-29 20:43:24', '2025-04-29 20:43:24'),
(952, 11, -21.0, 1, NULL, '2024-11-28', '22:11:00', 1, '2025-04-29 20:43:24', '2025-04-29 20:43:24'),
(953, 10, 18.0, 1, NULL, '2024-11-29', '22:19:00', 1, '2025-04-29 20:43:24', '2025-04-29 20:43:24'),
(954, 11, -19.0, 1, NULL, '2024-11-29', '22:19:00', 1, '2025-04-29 20:43:24', '2025-04-29 20:43:24'),
(955, 10, 18.9, 1, NULL, '2024-11-30', '22:15:00', 1, '2025-04-29 20:43:24', '2025-04-29 20:43:24'),
(956, 11, -21.0, 1, NULL, '2024-11-30', '22:15:00', 1, '2025-04-29 20:43:24', '2025-04-29 20:43:24'),
(957, 10, 22.0, 1, NULL, '2024-12-01', '22:36:00', 7, '2025-04-29 20:43:24', '2025-04-29 20:43:24'),
(958, 11, -20.0, 1, NULL, '2024-12-01', '22:36:00', 7, '2025-04-29 20:43:24', '2025-04-29 20:43:24'),
(959, 10, 19.7, 1, NULL, '2024-12-02', '22:24:00', 7, '2025-04-29 20:43:24', '2025-04-29 20:43:24'),
(960, 11, -20.0, 1, NULL, '2024-12-02', '22:24:00', 7, '2025-04-29 20:43:24', '2025-04-29 20:43:24'),
(961, 10, 20.1, 1, NULL, '2024-12-03', '22:38:00', 7, '2025-04-29 20:43:24', '2025-04-29 20:43:24'),
(962, 11, -20.0, 1, NULL, '2024-12-03', '22:38:00', 7, '2025-04-29 20:43:24', '2025-04-29 20:43:24'),
(963, 10, 19.3, 1, NULL, '2024-12-04', '22:41:00', 6, '2025-04-29 20:43:24', '2025-04-29 20:43:24'),
(964, 11, -20.0, 1, NULL, '2024-12-04', '22:41:00', 6, '2025-04-29 20:43:24', '2025-04-29 20:43:24'),
(965, 10, 20.0, 1, NULL, '2024-12-05', '22:23:00', 6, '2025-04-29 20:43:24', '2025-04-29 20:43:24'),
(966, 11, -19.0, 1, NULL, '2024-12-05', '22:23:00', 6, '2025-04-29 20:43:24', '2025-04-29 20:43:24'),
(967, 10, 19.4, 1, NULL, '2024-12-06', '22:16:00', 6, '2025-04-29 20:43:24', '2025-04-29 20:43:24'),
(968, 11, -19.0, 1, NULL, '2024-12-06', '22:16:00', 6, '2025-04-29 20:43:24', '2025-04-29 20:43:24'),
(969, 10, 19.1, 1, NULL, '2024-12-07', '22:55:00', 1, '2025-04-29 20:43:24', '2025-04-29 20:43:24'),
(970, 11, -21.0, 1, NULL, '2024-12-07', '22:55:00', 1, '2025-04-29 20:43:24', '2025-04-29 20:43:24'),
(971, 10, 19.9, 1, NULL, '2024-12-08', '22:30:00', 1, '2025-04-29 20:43:24', '2025-04-29 20:43:24'),
(972, 11, -20.0, 1, NULL, '2024-12-08', '22:30:00', 1, '2025-04-29 20:43:24', '2025-04-29 20:43:24'),
(973, 10, 21.5, 1, NULL, '2024-12-09', '22:08:00', 1, '2025-04-29 20:43:24', '2025-04-29 20:43:24'),
(974, 11, -19.0, 1, NULL, '2024-12-09', '22:08:00', 1, '2025-04-29 20:43:24', '2025-04-29 20:43:24'),
(975, 10, 21.7, 1, NULL, '2024-12-10', '22:59:00', 1, '2025-04-29 20:43:24', '2025-04-29 20:43:24'),
(976, 11, -19.0, 1, NULL, '2024-12-10', '22:59:00', 1, '2025-04-29 20:43:24', '2025-04-29 20:43:24'),
(977, 10, 21.3, 1, NULL, '2024-12-11', '22:32:00', 1, '2025-04-29 20:43:24', '2025-04-29 20:43:24'),
(978, 11, -19.0, 1, NULL, '2024-12-11', '22:32:00', 1, '2025-04-29 20:43:24', '2025-04-29 20:43:24'),
(979, 10, 20.9, 1, NULL, '2024-12-12', '22:56:00', 1, '2025-04-29 20:43:24', '2025-04-29 20:43:24'),
(980, 11, -21.0, 1, NULL, '2024-12-12', '22:56:00', 1, '2025-04-29 20:43:24', '2025-04-29 20:43:24'),
(981, 10, 22.6, 1, NULL, '2024-12-13', '22:21:00', 7, '2025-04-29 20:43:24', '2025-04-29 20:43:24'),
(982, 11, -21.0, 1, NULL, '2024-12-13', '22:21:00', 7, '2025-04-29 20:43:24', '2025-04-29 20:43:24'),
(983, 10, 20.2, 1, NULL, '2024-12-14', '22:28:00', 7, '2025-04-29 20:43:24', '2025-04-29 20:43:24'),
(984, 11, -20.0, 1, NULL, '2024-12-14', '22:28:00', 7, '2025-04-29 20:43:24', '2025-04-29 20:43:24'),
(985, 10, 22.6, 1, NULL, '2024-12-15', '22:26:00', 7, '2025-04-29 20:43:24', '2025-04-29 20:43:24'),
(986, 11, -19.0, 1, NULL, '2024-12-15', '22:26:00', 7, '2025-04-29 20:43:24', '2025-04-29 20:43:24'),
(987, 10, 19.8, 1, NULL, '2024-12-16', '22:35:00', 7, '2025-04-29 20:43:24', '2025-04-29 20:43:24'),
(988, 11, -20.0, 1, NULL, '2024-12-16', '22:35:00', 7, '2025-04-29 20:43:24', '2025-04-29 20:43:24'),
(989, 10, 19.4, 1, NULL, '2024-12-17', '22:15:00', 7, '2025-04-29 20:43:24', '2025-04-29 20:43:24'),
(990, 11, -20.0, 1, NULL, '2024-12-17', '22:15:00', 7, '2025-04-29 20:43:24', '2025-04-29 20:43:24'),
(991, 10, 22.4, 1, NULL, '2024-12-18', '22:33:00', 7, '2025-04-29 20:43:24', '2025-04-29 20:43:24'),
(992, 11, -19.0, 1, NULL, '2024-12-18', '22:33:00', 7, '2025-04-29 20:43:24', '2025-04-29 20:43:24'),
(993, 10, 19.2, 1, NULL, '2024-12-19', '22:15:00', 1, '2025-04-29 20:43:24', '2025-04-29 20:43:24'),
(994, 11, -21.0, 1, NULL, '2024-12-19', '22:15:00', 1, '2025-04-29 20:43:24', '2025-04-29 20:43:24'),
(995, 10, 20.1, 1, NULL, '2024-12-20', '22:53:00', 1, '2025-04-29 20:43:24', '2025-04-29 20:43:24'),
(996, 11, -19.0, 1, NULL, '2024-12-20', '22:53:00', 1, '2025-04-29 20:43:24', '2025-04-29 20:43:24'),
(997, 10, 21.3, 1, NULL, '2024-12-21', '22:30:00', 1, '2025-04-29 20:43:24', '2025-04-29 20:43:24'),
(998, 11, -21.0, 1, NULL, '2024-12-21', '22:30:00', 1, '2025-04-29 20:43:24', '2025-04-29 20:43:24'),
(999, 10, 19.5, 1, NULL, '2024-12-22', '22:59:00', 7, '2025-04-29 20:43:24', '2025-04-29 20:43:24'),
(1000, 11, -21.0, 1, NULL, '2024-12-22', '22:59:00', 7, '2025-04-29 20:43:24', '2025-04-29 20:43:24'),
(1001, 10, 19.7, 1, NULL, '2024-12-23', '22:04:00', 7, '2025-04-29 20:43:24', '2025-04-29 20:43:24');
INSERT INTO `temperature_checks` (`check_id`, `equipment_id`, `temperature`, `is_compliant`, `corrective_action`, `check_date`, `check_time`, `checked_by_user_id`, `created_at`, `updated_at`) VALUES
(1002, 11, -19.0, 1, NULL, '2024-12-23', '22:04:00', 7, '2025-04-29 20:43:24', '2025-04-29 20:43:24'),
(1003, 10, 20.9, 1, NULL, '2024-12-24', '22:26:00', 7, '2025-04-29 20:43:24', '2025-04-29 20:43:24'),
(1004, 11, -20.0, 1, NULL, '2024-12-24', '22:26:00', 7, '2025-04-29 20:43:24', '2025-04-29 20:43:24'),
(1005, 10, 19.5, 1, NULL, '2024-12-25', '22:33:00', 7, '2025-04-29 20:43:24', '2025-04-29 20:43:24'),
(1006, 11, -19.0, 1, NULL, '2024-12-25', '22:33:00', 7, '2025-04-29 20:43:24', '2025-04-29 20:43:24'),
(1007, 10, 20.3, 1, NULL, '2024-12-26', '22:43:00', 7, '2025-04-29 20:43:24', '2025-04-29 20:43:24'),
(1008, 11, -19.0, 1, NULL, '2024-12-26', '22:43:00', 7, '2025-04-29 20:43:24', '2025-04-29 20:43:24'),
(1009, 10, 18.3, 1, NULL, '2024-12-27', '22:14:00', 7, '2025-04-29 20:43:24', '2025-04-29 20:43:24'),
(1010, 11, -21.0, 1, NULL, '2024-12-27', '22:14:00', 7, '2025-04-29 20:43:24', '2025-04-29 20:43:24'),
(1011, 10, 18.4, 1, NULL, '2024-12-28', '22:21:00', 7, '2025-04-29 20:43:24', '2025-04-29 20:43:24'),
(1012, 11, -21.0, 1, NULL, '2024-12-28', '22:21:00', 7, '2025-04-29 20:43:24', '2025-04-29 20:43:24'),
(1013, 10, 18.6, 1, NULL, '2024-12-29', '22:43:00', 7, '2025-04-29 20:43:24', '2025-04-29 20:43:24'),
(1014, 11, -19.0, 1, NULL, '2024-12-29', '22:43:00', 7, '2025-04-29 20:43:24', '2025-04-29 20:43:24'),
(1015, 10, 21.5, 1, NULL, '2024-12-30', '22:24:00', 7, '2025-04-29 20:43:24', '2025-04-29 20:43:24'),
(1016, 11, -21.0, 1, NULL, '2024-12-30', '22:24:00', 7, '2025-04-29 20:43:24', '2025-04-29 20:43:24'),
(1017, 10, 18.4, 1, NULL, '2024-12-31', '22:04:00', 1, '2025-04-29 20:43:24', '2025-04-29 20:43:24'),
(1018, 11, -21.0, 1, NULL, '2024-12-31', '22:04:00', 1, '2025-04-29 20:43:24', '2025-04-29 20:43:24'),
(1019, 10, 20.5, 1, NULL, '2025-01-01', '22:25:00', 1, '2025-04-29 20:43:24', '2025-04-29 20:43:24'),
(1020, 11, -21.0, 1, NULL, '2025-01-01', '22:25:00', 1, '2025-04-29 20:43:24', '2025-04-29 20:43:24'),
(1021, 10, 19.0, 1, NULL, '2025-01-02', '22:23:00', 1, '2025-04-29 20:43:24', '2025-04-29 20:43:24'),
(1022, 11, -20.0, 1, NULL, '2025-01-02', '22:23:00', 1, '2025-04-29 20:43:24', '2025-04-29 20:43:24'),
(1023, 10, 19.4, 1, NULL, '2025-01-03', '22:24:00', 1, '2025-04-29 20:43:24', '2025-04-29 20:43:24'),
(1024, 11, -21.0, 1, NULL, '2025-01-03', '22:24:00', 1, '2025-04-29 20:43:24', '2025-04-29 20:43:24'),
(1025, 10, 20.9, 1, NULL, '2025-01-04', '22:52:00', 1, '2025-04-29 20:43:24', '2025-04-29 20:43:24'),
(1026, 11, -19.0, 1, NULL, '2025-01-04', '22:52:00', 1, '2025-04-29 20:43:24', '2025-04-29 20:43:24'),
(1027, 10, 18.6, 1, NULL, '2025-01-05', '22:58:00', 1, '2025-04-29 20:43:24', '2025-04-29 20:43:24'),
(1028, 11, -19.0, 1, NULL, '2025-01-05', '22:58:00', 1, '2025-04-29 20:43:24', '2025-04-29 20:43:24'),
(1029, 10, 18.1, 1, NULL, '2025-01-06', '22:10:00', 1, '2025-04-29 20:43:24', '2025-04-29 20:43:24'),
(1030, 11, -20.0, 1, NULL, '2025-01-06', '22:10:00', 1, '2025-04-29 20:43:24', '2025-04-29 20:43:24'),
(1031, 10, 19.0, 1, NULL, '2025-01-07', '22:50:00', 1, '2025-04-29 20:43:24', '2025-04-29 20:43:24'),
(1032, 11, -19.0, 1, NULL, '2025-01-07', '22:50:00', 1, '2025-04-29 20:43:24', '2025-04-29 20:43:24'),
(1033, 10, 19.4, 1, NULL, '2025-01-08', '22:57:00', 1, '2025-04-29 20:43:24', '2025-04-29 20:43:24'),
(1034, 11, -19.0, 1, NULL, '2025-01-08', '22:57:00', 1, '2025-04-29 20:43:24', '2025-04-29 20:43:24'),
(1035, 10, 21.7, 1, NULL, '2025-01-09', '22:16:00', 1, '2025-04-29 20:43:24', '2025-04-29 20:43:24'),
(1036, 11, -20.0, 1, NULL, '2025-01-09', '22:16:00', 1, '2025-04-29 20:43:24', '2025-04-29 20:43:24'),
(1037, 10, 18.5, 1, NULL, '2025-01-10', '22:26:00', 1, '2025-04-29 20:43:24', '2025-04-29 20:43:24'),
(1038, 11, -21.0, 1, NULL, '2025-01-10', '22:26:00', 1, '2025-04-29 20:43:24', '2025-04-29 20:43:24'),
(1039, 10, 22.7, 1, NULL, '2025-01-11', '22:57:00', 1, '2025-04-29 20:43:24', '2025-04-29 20:43:24'),
(1040, 11, -21.0, 1, NULL, '2025-01-11', '22:57:00', 1, '2025-04-29 20:43:24', '2025-04-29 20:43:24'),
(1041, 10, 21.7, 1, NULL, '2025-01-12', '22:19:00', 5, '2025-04-29 20:43:24', '2025-04-29 20:43:24'),
(1042, 11, -20.0, 1, NULL, '2025-01-12', '22:19:00', 5, '2025-04-29 20:43:24', '2025-04-29 20:43:24'),
(1043, 10, 21.6, 1, NULL, '2025-01-13', '22:48:00', 5, '2025-04-29 20:43:24', '2025-04-29 20:43:24'),
(1044, 11, -19.0, 1, NULL, '2025-01-13', '22:48:00', 5, '2025-04-29 20:43:24', '2025-04-29 20:43:24'),
(1045, 10, 22.9, 1, NULL, '2025-01-14', '22:59:00', 5, '2025-04-29 20:43:24', '2025-04-29 20:43:24'),
(1046, 11, -21.0, 1, NULL, '2025-01-14', '22:59:00', 5, '2025-04-29 20:43:24', '2025-04-29 20:43:24'),
(1047, 10, 21.5, 1, NULL, '2025-01-15', '22:25:00', 5, '2025-04-29 20:43:24', '2025-04-29 20:43:24'),
(1048, 11, -21.0, 1, NULL, '2025-01-15', '22:25:00', 5, '2025-04-29 20:43:24', '2025-04-29 20:43:24'),
(1049, 10, 21.5, 1, NULL, '2025-01-16', '22:07:00', 5, '2025-04-29 20:43:24', '2025-04-29 20:43:24'),
(1050, 11, -20.0, 1, NULL, '2025-01-16', '22:07:00', 5, '2025-04-29 20:43:24', '2025-04-29 20:43:24'),
(1051, 10, 21.0, 1, NULL, '2025-01-17', '22:22:00', 5, '2025-04-29 20:43:24', '2025-04-29 20:43:24'),
(1052, 11, -20.0, 1, NULL, '2025-01-17', '22:22:00', 5, '2025-04-29 20:43:24', '2025-04-29 20:43:24'),
(1053, 10, 19.3, 1, NULL, '2025-01-18', '22:55:00', 1, '2025-04-29 20:43:24', '2025-04-29 20:43:24'),
(1054, 11, -19.0, 1, NULL, '2025-01-18', '22:55:00', 1, '2025-04-29 20:43:24', '2025-04-29 20:43:24'),
(1055, 10, 19.5, 1, NULL, '2025-01-19', '22:33:00', 1, '2025-04-29 20:43:24', '2025-04-29 20:43:24'),
(1056, 11, -19.0, 1, NULL, '2025-01-19', '22:33:00', 1, '2025-04-29 20:43:24', '2025-04-29 20:43:24'),
(1057, 10, 18.6, 1, NULL, '2025-01-20', '22:59:00', 1, '2025-04-29 20:43:24', '2025-04-29 20:43:24'),
(1058, 11, -20.0, 1, NULL, '2025-01-20', '22:59:00', 1, '2025-04-29 20:43:24', '2025-04-29 20:43:24'),
(1059, 10, 18.0, 1, NULL, '2025-01-21', '22:39:00', 1, '2025-04-29 20:43:24', '2025-04-29 20:43:24'),
(1060, 11, -19.0, 1, NULL, '2025-01-21', '22:39:00', 1, '2025-04-29 20:43:24', '2025-04-29 20:43:24'),
(1061, 10, 18.8, 1, NULL, '2025-01-22', '22:36:00', 1, '2025-04-29 20:43:24', '2025-04-29 20:43:24'),
(1062, 11, -21.0, 1, NULL, '2025-01-22', '22:36:00', 1, '2025-04-29 20:43:24', '2025-04-29 20:43:24'),
(1063, 10, 22.1, 1, NULL, '2025-01-23', '22:42:00', 1, '2025-04-29 20:43:24', '2025-04-29 20:43:24'),
(1064, 11, -20.0, 1, NULL, '2025-01-23', '22:42:00', 1, '2025-04-29 20:43:24', '2025-04-29 20:43:24'),
(1065, 10, 20.5, 1, NULL, '2025-01-24', '22:58:00', 1, '2025-04-29 20:43:24', '2025-04-29 20:43:24'),
(1066, 11, -21.0, 1, NULL, '2025-01-24', '22:58:00', 1, '2025-04-29 20:43:24', '2025-04-29 20:43:24'),
(1067, 10, 22.3, 1, NULL, '2025-01-25', '22:04:00', 1, '2025-04-29 20:43:24', '2025-04-29 20:43:24'),
(1068, 11, -21.0, 1, NULL, '2025-01-25', '22:04:00', 1, '2025-04-29 20:43:24', '2025-04-29 20:43:24'),
(1069, 10, 22.4, 1, NULL, '2025-01-26', '22:39:00', 1, '2025-04-29 20:43:24', '2025-04-29 20:43:24'),
(1070, 11, -20.0, 1, NULL, '2025-01-26', '22:39:00', 1, '2025-04-29 20:43:24', '2025-04-29 20:43:24'),
(1071, 10, 21.9, 1, NULL, '2025-01-27', '22:57:00', 1, '2025-04-29 20:43:24', '2025-04-29 20:43:24'),
(1072, 11, -21.0, 1, NULL, '2025-01-27', '22:57:00', 1, '2025-04-29 20:43:24', '2025-04-29 20:43:24'),
(1073, 10, 19.1, 1, NULL, '2025-01-28', '22:22:00', 1, '2025-04-29 20:43:24', '2025-04-29 20:43:24'),
(1074, 11, -20.0, 1, NULL, '2025-01-28', '22:22:00', 1, '2025-04-29 20:43:24', '2025-04-29 20:43:24'),
(1075, 10, 19.5, 1, NULL, '2025-01-29', '22:50:00', 1, '2025-04-29 20:43:24', '2025-04-29 20:43:24'),
(1076, 11, -20.0, 1, NULL, '2025-01-29', '22:50:00', 1, '2025-04-29 20:43:24', '2025-04-29 20:43:24'),
(1077, 10, 19.1, 1, NULL, '2025-01-30', '22:07:00', 7, '2025-04-29 20:43:24', '2025-04-29 20:43:24'),
(1078, 11, -21.0, 1, NULL, '2025-01-30', '22:07:00', 7, '2025-04-29 20:43:24', '2025-04-29 20:43:24'),
(1079, 10, 19.5, 1, NULL, '2025-01-31', '22:58:00', 7, '2025-04-29 20:43:24', '2025-04-29 20:43:24'),
(1080, 11, -21.0, 1, NULL, '2025-01-31', '22:58:00', 7, '2025-04-29 20:43:24', '2025-04-29 20:43:24'),
(1081, 10, 21.6, 1, NULL, '2025-02-01', '22:17:00', 7, '2025-04-29 20:43:24', '2025-04-29 20:43:24'),
(1082, 11, -19.0, 1, NULL, '2025-02-01', '22:17:00', 7, '2025-04-29 20:43:24', '2025-04-29 20:43:24'),
(1083, 10, 19.6, 1, NULL, '2025-02-02', '22:34:00', 7, '2025-04-29 20:43:24', '2025-04-29 20:43:24'),
(1084, 11, -20.0, 1, NULL, '2025-02-02', '22:34:00', 7, '2025-04-29 20:43:24', '2025-04-29 20:43:24'),
(1085, 10, 22.4, 1, NULL, '2025-02-03', '22:07:00', 7, '2025-04-29 20:43:24', '2025-04-29 20:43:24'),
(1086, 11, -19.0, 1, NULL, '2025-02-03', '22:07:00', 7, '2025-04-29 20:43:24', '2025-04-29 20:43:24'),
(1087, 10, 21.7, 1, NULL, '2025-02-04', '22:47:00', 7, '2025-04-29 20:43:24', '2025-04-29 20:43:24'),
(1088, 11, -21.0, 1, NULL, '2025-02-04', '22:47:00', 7, '2025-04-29 20:43:24', '2025-04-29 20:43:24'),
(1089, 10, 21.1, 1, NULL, '2025-02-05', '22:01:00', 5, '2025-04-29 20:43:24', '2025-04-29 20:43:24'),
(1090, 11, -21.0, 1, NULL, '2025-02-05', '22:01:00', 5, '2025-04-29 20:43:24', '2025-04-29 20:43:24'),
(1091, 10, 22.9, 1, NULL, '2025-02-06', '22:32:00', 5, '2025-04-29 20:43:24', '2025-04-29 20:43:24'),
(1092, 11, -21.0, 1, NULL, '2025-02-06', '22:32:00', 5, '2025-04-29 20:43:24', '2025-04-29 20:43:24'),
(1093, 10, 18.2, 1, NULL, '2025-02-07', '22:09:00', 5, '2025-04-29 20:43:24', '2025-04-29 20:43:24'),
(1094, 11, -19.0, 1, NULL, '2025-02-07', '22:09:00', 5, '2025-04-29 20:43:24', '2025-04-29 20:43:24'),
(1095, 10, 22.5, 1, NULL, '2025-02-08', '22:19:00', 7, '2025-04-29 20:43:24', '2025-04-29 20:43:24'),
(1096, 11, -20.0, 1, NULL, '2025-02-08', '22:19:00', 7, '2025-04-29 20:43:24', '2025-04-29 20:43:24'),
(1097, 10, 20.6, 1, NULL, '2025-02-09', '22:30:00', 7, '2025-04-29 20:43:24', '2025-04-29 20:43:24'),
(1098, 11, -20.0, 1, NULL, '2025-02-09', '22:30:00', 7, '2025-04-29 20:43:24', '2025-04-29 20:43:24'),
(1099, 10, 20.3, 1, NULL, '2025-02-10', '22:50:00', 7, '2025-04-29 20:43:24', '2025-04-29 20:43:24'),
(1100, 11, -19.0, 1, NULL, '2025-02-10', '22:50:00', 7, '2025-04-29 20:43:24', '2025-04-29 20:43:24'),
(1101, 10, 21.6, 1, NULL, '2025-02-11', '22:44:00', 1, '2025-04-29 20:43:24', '2025-04-29 20:43:24'),
(1102, 11, -21.0, 1, NULL, '2025-02-11', '22:44:00', 1, '2025-04-29 20:43:24', '2025-04-29 20:43:24'),
(1103, 10, 19.1, 1, NULL, '2025-02-12', '22:27:00', 1, '2025-04-29 20:43:24', '2025-04-29 20:43:24'),
(1104, 11, -21.0, 1, NULL, '2025-02-12', '22:27:00', 1, '2025-04-29 20:43:24', '2025-04-29 20:43:24'),
(1105, 10, 20.2, 1, NULL, '2025-02-13', '22:07:00', 1, '2025-04-29 20:43:24', '2025-04-29 20:43:24'),
(1106, 11, -20.0, 1, NULL, '2025-02-13', '22:07:00', 1, '2025-04-29 20:43:24', '2025-04-29 20:43:24'),
(1107, 10, 22.4, 1, NULL, '2025-02-14', '22:33:00', 1, '2025-04-29 20:43:24', '2025-04-29 20:43:24'),
(1108, 11, -20.0, 1, NULL, '2025-02-14', '22:33:00', 1, '2025-04-29 20:43:24', '2025-04-29 20:43:24'),
(1109, 10, 19.0, 1, NULL, '2025-02-15', '22:16:00', 1, '2025-04-29 20:43:24', '2025-04-29 20:43:24'),
(1110, 11, -21.0, 1, NULL, '2025-02-15', '22:16:00', 1, '2025-04-29 20:43:24', '2025-04-29 20:43:24'),
(1111, 10, 21.7, 1, NULL, '2025-02-16', '22:55:00', 1, '2025-04-29 20:43:24', '2025-04-29 20:43:24'),
(1112, 11, -19.0, 1, NULL, '2025-02-16', '22:55:00', 1, '2025-04-29 20:43:24', '2025-04-29 20:43:24'),
(1113, 10, 22.6, 1, NULL, '2025-02-17', '22:09:00', 1, '2025-04-29 20:43:24', '2025-04-29 20:43:24'),
(1114, 11, -20.0, 1, NULL, '2025-02-17', '22:09:00', 1, '2025-04-29 20:43:24', '2025-04-29 20:43:24'),
(1115, 10, 18.5, 1, NULL, '2025-02-18', '22:35:00', 1, '2025-04-29 20:43:24', '2025-04-29 20:43:24'),
(1116, 11, -21.0, 1, NULL, '2025-02-18', '22:35:00', 1, '2025-04-29 20:43:24', '2025-04-29 20:43:24'),
(1117, 10, 22.2, 1, NULL, '2025-02-19', '22:11:00', 1, '2025-04-29 20:43:24', '2025-04-29 20:43:24'),
(1118, 11, -19.0, 1, NULL, '2025-02-19', '22:11:00', 1, '2025-04-29 20:43:24', '2025-04-29 20:43:24'),
(1119, 10, 22.3, 1, NULL, '2025-02-20', '22:34:00', 1, '2025-04-29 20:43:24', '2025-04-29 20:43:24'),
(1120, 11, -19.0, 1, NULL, '2025-02-20', '22:34:00', 1, '2025-04-29 20:43:24', '2025-04-29 20:43:24'),
(1121, 10, 18.1, 1, NULL, '2025-02-21', '22:55:00', 1, '2025-04-29 20:43:24', '2025-04-29 20:43:24'),
(1122, 11, -21.0, 1, NULL, '2025-02-21', '22:55:00', 1, '2025-04-29 20:43:24', '2025-04-29 20:43:24'),
(1123, 10, 18.4, 1, NULL, '2025-02-22', '22:45:00', 1, '2025-04-29 20:43:24', '2025-04-29 20:43:24'),
(1124, 11, -20.0, 1, NULL, '2025-02-22', '22:45:00', 1, '2025-04-29 20:43:24', '2025-04-29 20:43:24'),
(1125, 10, 19.8, 1, NULL, '2025-02-23', '22:28:00', 1, '2025-04-29 20:43:24', '2025-04-29 20:43:24'),
(1126, 11, -20.0, 1, NULL, '2025-02-23', '22:28:00', 1, '2025-04-29 20:43:24', '2025-04-29 20:43:24'),
(1127, 10, 18.6, 1, NULL, '2025-02-24', '22:25:00', 1, '2025-04-29 20:43:24', '2025-04-29 20:43:24'),
(1128, 11, -19.0, 1, NULL, '2025-02-24', '22:25:00', 1, '2025-04-29 20:43:24', '2025-04-29 20:43:24'),
(1129, 10, 22.6, 1, NULL, '2025-02-25', '22:05:00', 1, '2025-04-29 20:43:24', '2025-04-29 20:43:24'),
(1130, 11, -20.0, 1, NULL, '2025-02-25', '22:05:00', 1, '2025-04-29 20:43:24', '2025-04-29 20:43:24'),
(1131, 10, 18.0, 1, NULL, '2025-02-26', '22:41:00', 1, '2025-04-29 20:43:24', '2025-04-29 20:43:24'),
(1132, 11, -19.0, 1, NULL, '2025-02-26', '22:41:00', 1, '2025-04-29 20:43:24', '2025-04-29 20:43:24'),
(1133, 10, 19.3, 1, NULL, '2025-02-27', '22:26:00', 1, '2025-04-29 20:43:24', '2025-04-29 20:43:24'),
(1134, 11, -21.0, 1, NULL, '2025-02-27', '22:26:00', 1, '2025-04-29 20:43:24', '2025-04-29 20:43:24'),
(1135, 10, 19.8, 1, NULL, '2025-02-28', '22:04:00', 1, '2025-04-29 20:43:24', '2025-04-29 20:43:24'),
(1136, 11, -21.0, 1, NULL, '2025-02-28', '22:04:00', 1, '2025-04-29 20:43:24', '2025-04-29 20:43:24'),
(1137, 10, 22.6, 1, NULL, '2025-03-01', '22:52:00', 7, '2025-04-29 20:43:24', '2025-04-29 20:43:24'),
(1138, 11, -20.0, 1, NULL, '2025-03-01', '22:52:00', 7, '2025-04-29 20:43:24', '2025-04-29 20:43:24'),
(1139, 10, 19.4, 1, NULL, '2025-03-02', '22:49:00', 7, '2025-04-29 20:43:24', '2025-04-29 20:43:24'),
(1140, 11, -20.0, 1, NULL, '2025-03-02', '22:49:00', 7, '2025-04-29 20:43:24', '2025-04-29 20:43:24'),
(1141, 10, 21.5, 1, NULL, '2025-03-03', '22:42:00', 7, '2025-04-29 20:43:24', '2025-04-29 20:43:24'),
(1142, 11, -19.0, 1, NULL, '2025-03-03', '22:42:00', 7, '2025-04-29 20:43:24', '2025-04-29 20:43:24'),
(1143, 10, 19.0, 1, NULL, '2025-03-04', '22:59:00', 5, '2025-04-29 20:43:24', '2025-04-29 20:43:24'),
(1144, 11, -19.0, 1, NULL, '2025-03-04', '22:59:00', 5, '2025-04-29 20:43:24', '2025-04-29 20:43:24'),
(1145, 10, 18.6, 1, NULL, '2025-03-05', '22:07:00', 5, '2025-04-29 20:43:24', '2025-04-29 20:43:24'),
(1146, 11, -20.0, 1, NULL, '2025-03-05', '22:07:00', 5, '2025-04-29 20:43:24', '2025-04-29 20:43:24'),
(1147, 10, 21.7, 1, NULL, '2025-03-06', '22:55:00', 5, '2025-04-29 20:43:24', '2025-04-29 20:43:24'),
(1148, 11, -20.0, 1, NULL, '2025-03-06', '22:55:00', 5, '2025-04-29 20:43:24', '2025-04-29 20:43:24'),
(1149, 10, 19.8, 1, NULL, '2025-03-07', '22:40:00', 6, '2025-04-29 20:43:24', '2025-04-29 20:43:24'),
(1150, 11, -19.0, 1, NULL, '2025-03-07', '22:40:00', 6, '2025-04-29 20:43:24', '2025-04-29 20:43:24'),
(1151, 10, 20.6, 1, NULL, '2025-03-08', '22:54:00', 6, '2025-04-29 20:43:24', '2025-04-29 20:43:24'),
(1152, 11, -19.0, 1, NULL, '2025-03-08', '22:54:00', 6, '2025-04-29 20:43:24', '2025-04-29 20:43:24'),
(1153, 10, 20.9, 1, NULL, '2025-03-09', '22:38:00', 6, '2025-04-29 20:43:24', '2025-04-29 20:43:24'),
(1154, 11, -19.0, 1, NULL, '2025-03-09', '22:38:00', 6, '2025-04-29 20:43:24', '2025-04-29 20:43:24'),
(1155, 10, 21.7, 1, NULL, '2025-03-10', '22:36:00', 7, '2025-04-29 20:43:24', '2025-04-29 20:43:24'),
(1156, 11, -20.0, 1, NULL, '2025-03-10', '22:36:00', 7, '2025-04-29 20:43:24', '2025-04-29 20:43:24'),
(1157, 10, 19.1, 1, NULL, '2025-03-11', '22:08:00', 7, '2025-04-29 20:43:24', '2025-04-29 20:43:24'),
(1158, 11, -21.0, 1, NULL, '2025-03-11', '22:08:00', 7, '2025-04-29 20:43:24', '2025-04-29 20:43:24'),
(1159, 10, 21.0, 1, NULL, '2025-03-12', '22:31:00', 7, '2025-04-29 20:43:24', '2025-04-29 20:43:24'),
(1160, 11, -20.0, 1, NULL, '2025-03-12', '22:31:00', 7, '2025-04-29 20:43:24', '2025-04-29 20:43:24'),
(1161, 10, 21.6, 1, NULL, '2025-03-13', '22:25:00', 1, '2025-04-29 20:43:24', '2025-04-29 20:43:24'),
(1162, 11, -20.0, 1, NULL, '2025-03-13', '22:25:00', 1, '2025-04-29 20:43:24', '2025-04-29 20:43:24'),
(1163, 10, 21.1, 1, NULL, '2025-03-14', '22:47:00', 1, '2025-04-29 20:43:24', '2025-04-29 20:43:24'),
(1164, 11, -19.0, 1, NULL, '2025-03-14', '22:47:00', 1, '2025-04-29 20:43:24', '2025-04-29 20:43:24'),
(1165, 10, 21.2, 1, NULL, '2025-03-15', '22:49:00', 1, '2025-04-29 20:43:24', '2025-04-29 20:43:24'),
(1166, 11, -21.0, 1, NULL, '2025-03-15', '22:49:00', 1, '2025-04-29 20:43:24', '2025-04-29 20:43:24'),
(1167, 10, 20.5, 1, NULL, '2025-03-16', '22:55:00', 7, '2025-04-29 20:43:24', '2025-04-29 20:43:24'),
(1168, 11, -21.0, 1, NULL, '2025-03-16', '22:55:00', 7, '2025-04-29 20:43:24', '2025-04-29 20:43:24'),
(1169, 10, 20.0, 1, NULL, '2025-03-17', '22:00:00', 7, '2025-04-29 20:43:24', '2025-04-29 20:43:24'),
(1170, 11, -20.0, 1, NULL, '2025-03-17', '22:00:00', 7, '2025-04-29 20:43:24', '2025-04-29 20:43:24'),
(1171, 10, 19.0, 1, NULL, '2025-03-18', '22:32:00', 7, '2025-04-29 20:43:24', '2025-04-29 20:43:24'),
(1172, 11, -19.0, 1, NULL, '2025-03-18', '22:32:00', 7, '2025-04-29 20:43:24', '2025-04-29 20:43:24'),
(1173, 10, 22.2, 1, NULL, '2025-03-19', '22:52:00', 7, '2025-04-29 20:43:24', '2025-04-29 20:43:24'),
(1174, 11, -19.0, 1, NULL, '2025-03-19', '22:52:00', 7, '2025-04-29 20:43:24', '2025-04-29 20:43:24'),
(1175, 10, 19.6, 1, NULL, '2025-03-20', '22:10:00', 7, '2025-04-29 20:43:24', '2025-04-29 20:43:24'),
(1176, 11, -20.0, 1, NULL, '2025-03-20', '22:10:00', 7, '2025-04-29 20:43:24', '2025-04-29 20:43:24'),
(1177, 10, 18.5, 1, NULL, '2025-03-21', '22:23:00', 7, '2025-04-29 20:43:24', '2025-04-29 20:43:24'),
(1178, 11, -21.0, 1, NULL, '2025-03-21', '22:23:00', 7, '2025-04-29 20:43:24', '2025-04-29 20:43:24'),
(1179, 10, 20.8, 1, NULL, '2025-03-22', '22:50:00', 5, '2025-04-29 20:43:24', '2025-04-29 20:43:24'),
(1180, 11, -21.0, 1, NULL, '2025-03-22', '22:50:00', 5, '2025-04-29 20:43:24', '2025-04-29 20:43:24'),
(1181, 10, 21.5, 1, NULL, '2025-03-23', '22:08:00', 5, '2025-04-29 20:43:24', '2025-04-29 20:43:24'),
(1182, 11, -20.0, 1, NULL, '2025-03-23', '22:08:00', 5, '2025-04-29 20:43:24', '2025-04-29 20:43:24'),
(1183, 10, 18.5, 1, NULL, '2025-03-24', '22:15:00', 5, '2025-04-29 20:43:24', '2025-04-29 20:43:24'),
(1184, 11, -20.0, 1, NULL, '2025-03-24', '22:15:00', 5, '2025-04-29 20:43:24', '2025-04-29 20:43:24'),
(1185, 10, 20.8, 1, NULL, '2025-03-25', '22:09:00', 1, '2025-04-29 20:43:24', '2025-04-29 20:43:24'),
(1186, 11, -19.0, 1, NULL, '2025-03-25', '22:09:00', 1, '2025-04-29 20:43:24', '2025-04-29 20:43:24'),
(1187, 10, 20.6, 1, NULL, '2025-03-26', '22:10:00', 1, '2025-04-29 20:43:24', '2025-04-29 20:43:24'),
(1188, 11, -20.0, 1, NULL, '2025-03-26', '22:10:00', 1, '2025-04-29 20:43:24', '2025-04-29 20:43:24'),
(1189, 10, 22.5, 1, NULL, '2025-03-27', '22:51:00', 1, '2025-04-29 20:43:24', '2025-04-29 20:43:24'),
(1190, 11, -20.0, 1, NULL, '2025-03-27', '22:51:00', 1, '2025-04-29 20:43:24', '2025-04-29 20:43:24'),
(1191, 10, 21.2, 1, NULL, '2025-03-28', '22:54:00', 7, '2025-04-29 20:43:24', '2025-04-29 20:43:24'),
(1192, 11, -19.0, 1, NULL, '2025-03-28', '22:54:00', 7, '2025-04-29 20:43:24', '2025-04-29 20:43:24'),
(1193, 10, 21.6, 1, NULL, '2025-03-29', '22:53:00', 7, '2025-04-29 20:43:24', '2025-04-29 20:43:24'),
(1194, 11, -20.0, 1, NULL, '2025-03-29', '22:53:00', 7, '2025-04-29 20:43:24', '2025-04-29 20:43:24'),
(1195, 10, 21.6, 1, NULL, '2025-03-30', '22:40:00', 7, '2025-04-29 20:43:24', '2025-04-29 20:43:24'),
(1196, 11, -20.0, 1, NULL, '2025-03-30', '22:40:00', 7, '2025-04-29 20:43:24', '2025-04-29 20:43:24'),
(1197, 10, 21.0, 1, NULL, '2025-03-31', '22:16:00', 1, '2025-04-29 20:43:24', '2025-04-29 20:43:24'),
(1198, 11, -19.0, 1, NULL, '2025-03-31', '22:16:00', 1, '2025-04-29 20:43:24', '2025-04-29 20:43:24'),
(1199, 10, 22.6, 1, NULL, '2025-04-01', '22:50:00', 1, '2025-04-29 20:43:24', '2025-04-29 20:43:24'),
(1200, 11, -19.0, 1, NULL, '2025-04-01', '22:50:00', 1, '2025-04-29 20:43:24', '2025-04-29 20:43:24'),
(1201, 10, 18.8, 1, NULL, '2025-04-02', '22:21:00', 1, '2025-04-29 20:43:24', '2025-04-29 20:43:24'),
(1202, 11, -20.0, 1, NULL, '2025-04-02', '22:21:00', 1, '2025-04-29 20:43:24', '2025-04-29 20:43:24'),
(1203, 10, 19.5, 1, NULL, '2025-04-03', '22:13:00', 7, '2025-04-29 20:43:24', '2025-04-29 20:43:24'),
(1204, 11, -20.0, 1, NULL, '2025-04-03', '22:13:00', 7, '2025-04-29 20:43:24', '2025-04-29 20:43:24'),
(1205, 10, 21.1, 1, NULL, '2025-04-04', '22:04:00', 7, '2025-04-29 20:43:24', '2025-04-29 20:43:24'),
(1206, 11, -20.0, 1, NULL, '2025-04-04', '22:04:00', 7, '2025-04-29 20:43:24', '2025-04-29 20:43:24'),
(1207, 10, 18.5, 1, NULL, '2025-04-05', '22:41:00', 7, '2025-04-29 20:43:24', '2025-04-29 20:43:24'),
(1208, 11, -20.0, 1, NULL, '2025-04-05', '22:41:00', 7, '2025-04-29 20:43:24', '2025-04-29 20:43:24'),
(1209, 10, 18.9, 1, NULL, '2025-04-06', '22:38:00', 1, '2025-04-29 20:43:24', '2025-04-29 20:43:24'),
(1210, 11, -19.0, 1, NULL, '2025-04-06', '22:38:00', 1, '2025-04-29 20:43:24', '2025-04-29 20:43:24'),
(1211, 10, 21.6, 1, NULL, '2025-04-07', '22:44:00', 1, '2025-04-29 20:43:24', '2025-04-29 20:43:24'),
(1212, 11, -19.0, 1, NULL, '2025-04-07', '22:44:00', 1, '2025-04-29 20:43:24', '2025-04-29 20:43:24'),
(1213, 10, 18.1, 1, NULL, '2025-04-08', '22:04:00', 1, '2025-04-29 20:43:24', '2025-04-29 20:43:24'),
(1214, 11, -19.0, 1, NULL, '2025-04-08', '22:04:00', 1, '2025-04-29 20:43:24', '2025-04-29 20:43:24'),
(1215, 10, 19.0, 1, NULL, '2025-04-09', '22:14:00', 7, '2025-04-29 20:43:24', '2025-04-29 20:43:24'),
(1216, 11, -20.0, 1, NULL, '2025-04-09', '22:14:00', 7, '2025-04-29 20:43:24', '2025-04-29 20:43:24'),
(1217, 10, 22.3, 1, NULL, '2025-04-10', '22:05:00', 7, '2025-04-29 20:43:24', '2025-04-29 20:43:24'),
(1218, 11, -21.0, 1, NULL, '2025-04-10', '22:05:00', 7, '2025-04-29 20:43:24', '2025-04-29 20:43:24'),
(1219, 10, 22.6, 1, NULL, '2025-04-11', '22:22:00', 7, '2025-04-29 20:43:24', '2025-04-29 20:43:24'),
(1220, 11, -20.0, 1, NULL, '2025-04-11', '22:22:00', 7, '2025-04-29 20:43:24', '2025-04-29 20:43:24'),
(1221, 10, 22.4, 1, NULL, '2025-04-12', '22:46:00', 1, '2025-04-29 20:43:24', '2025-04-29 20:43:24'),
(1222, 11, -20.0, 1, NULL, '2025-04-12', '22:46:00', 1, '2025-04-29 20:43:24', '2025-04-29 20:43:24'),
(1223, 10, 18.0, 1, NULL, '2025-04-13', '22:16:00', 1, '2025-04-29 20:43:24', '2025-04-29 20:43:24'),
(1224, 11, -19.0, 1, NULL, '2025-04-13', '22:16:00', 1, '2025-04-29 20:43:24', '2025-04-29 20:43:24'),
(1225, 10, 18.1, 1, NULL, '2025-04-14', '22:18:00', 1, '2025-04-29 20:43:24', '2025-04-29 20:43:24'),
(1226, 11, -19.0, 1, NULL, '2025-04-14', '22:18:00', 1, '2025-04-29 20:43:24', '2025-04-29 20:43:24'),
(1227, 10, 19.1, 1, NULL, '2025-04-15', '22:18:00', 1, '2025-04-29 20:43:24', '2025-04-29 20:43:24'),
(1228, 11, -21.0, 1, NULL, '2025-04-15', '22:18:00', 1, '2025-04-29 20:43:24', '2025-04-29 20:43:24'),
(1229, 10, 21.3, 1, NULL, '2025-04-16', '22:44:00', 1, '2025-04-29 20:43:24', '2025-04-29 20:43:24'),
(1230, 11, -20.0, 1, NULL, '2025-04-16', '22:44:00', 1, '2025-04-29 20:43:24', '2025-04-29 20:43:24'),
(1231, 10, 18.5, 1, NULL, '2025-04-17', '22:17:00', 1, '2025-04-29 20:43:24', '2025-04-29 20:43:24'),
(1232, 11, -19.0, 1, NULL, '2025-04-17', '22:17:00', 1, '2025-04-29 20:43:24', '2025-04-29 20:43:24'),
(1233, 10, 22.4, 1, NULL, '2025-04-18', '22:04:00', 1, '2025-04-29 20:43:24', '2025-04-29 20:43:24'),
(1234, 11, -19.0, 1, NULL, '2025-04-18', '22:04:00', 1, '2025-04-29 20:43:24', '2025-04-29 20:43:24'),
(1235, 10, 20.0, 1, NULL, '2025-04-19', '22:41:00', 1, '2025-04-29 20:43:24', '2025-04-29 20:43:24'),
(1236, 11, -21.0, 1, NULL, '2025-04-19', '22:41:00', 1, '2025-04-29 20:43:24', '2025-04-29 20:43:24'),
(1237, 10, 22.3, 1, NULL, '2025-04-20', '22:47:00', 1, '2025-04-29 20:43:24', '2025-04-29 20:43:24'),
(1238, 11, -19.0, 1, NULL, '2025-04-20', '22:47:00', 1, '2025-04-29 20:43:24', '2025-04-29 20:43:24'),
(1239, 10, 22.2, 1, NULL, '2025-04-21', '22:50:00', 7, '2025-04-29 20:43:24', '2025-04-29 20:43:24'),
(1240, 11, -20.0, 1, NULL, '2025-04-21', '22:50:00', 7, '2025-04-29 20:43:24', '2025-04-29 20:43:24'),
(1241, 10, 18.8, 1, NULL, '2025-04-22', '22:28:00', 7, '2025-04-29 20:43:24', '2025-04-29 20:43:24'),
(1242, 11, -19.0, 1, NULL, '2025-04-22', '22:28:00', 7, '2025-04-29 20:43:24', '2025-04-29 20:43:24'),
(1243, 10, 18.9, 1, NULL, '2025-04-23', '22:34:00', 7, '2025-04-29 20:43:24', '2025-04-29 20:43:24'),
(1244, 11, -20.0, 1, NULL, '2025-04-23', '22:34:00', 7, '2025-04-29 20:43:24', '2025-04-29 20:43:24'),
(1245, 10, 18.2, 1, NULL, '2025-04-24', '22:31:00', 1, '2025-04-29 20:43:24', '2025-04-29 20:43:24'),
(1246, 11, -20.0, 1, NULL, '2025-04-24', '22:31:00', 1, '2025-04-29 20:43:24', '2025-04-29 20:43:24'),
(1247, 10, 20.6, 1, NULL, '2025-04-25', '22:39:00', 1, '2025-04-29 20:43:24', '2025-04-29 20:43:24'),
(1248, 11, -21.0, 1, NULL, '2025-04-25', '22:39:00', 1, '2025-04-29 20:43:24', '2025-04-29 20:43:24'),
(1249, 10, 18.3, 1, NULL, '2025-04-26', '22:10:00', 1, '2025-04-29 20:43:24', '2025-04-29 20:43:24'),
(1250, 11, -20.0, 1, NULL, '2025-04-26', '22:10:00', 1, '2025-04-29 20:43:24', '2025-04-29 20:43:24'),
(1251, 10, 20.0, 1, NULL, '2025-04-27', '22:05:00', 1, '2025-04-29 20:43:24', '2025-04-29 20:43:24'),
(1252, 11, -21.0, 1, NULL, '2025-04-27', '22:05:00', 1, '2025-04-29 20:43:24', '2025-04-29 20:43:24'),
(1253, 10, 22.4, 1, NULL, '2025-04-28', '22:26:00', 1, '2025-04-29 20:43:24', '2025-04-29 20:43:24'),
(1254, 11, -20.0, 1, NULL, '2025-04-28', '22:26:00', 1, '2025-04-29 20:43:24', '2025-04-29 20:43:24'),
(1255, 10, 18.5, 1, NULL, '2025-04-29', '22:51:00', 1, '2025-04-29 20:43:24', '2025-04-29 20:43:24'),
(1256, 11, -20.0, 1, NULL, '2025-04-29', '22:51:00', 1, '2025-04-29 20:43:24', '2025-04-29 20:43:24');

-- --------------------------------------------------------

--
-- Table structure for table `users`
--

CREATE TABLE `users` (
  `user_id` int(11) NOT NULL,
  `username` varchar(50) NOT NULL,
  `password` varchar(255) NOT NULL,
  `full_name` varchar(100) NOT NULL,
  `email` varchar(100) DEFAULT NULL,
  `initials` varchar(10) DEFAULT NULL,
  `role` enum('admin','manager','staff') NOT NULL DEFAULT 'staff',
  `is_active` tinyint(1) NOT NULL DEFAULT 1,
  `last_login` datetime DEFAULT NULL,
  `created_at` datetime NOT NULL,
  `updated_at` datetime DEFAULT NULL
) ENGINE=InnoDB DEFAULT CHARSET=utf8mb4 COLLATE=utf8mb4_general_ci;

--
-- Dumping data for table `users`
--

INSERT INTO `users` (`user_id`, `username`, `password`, `full_name`, `email`, `initials`, `role`, `is_active`, `last_login`, `created_at`, `updated_at`) VALUES
(1, 'Abela', '$2y$10$Mxcs13DOiogxhkKYHp7F1eJmjqs5tO0lM7fVwy1lw/egR9Rz4RrjC', 'Abel Demssie', NULL, 'Ab', 'admin', 1, '2025-04-29 21:40:46', '2025-04-09 02:58:10', NULL),
(4, 'Michael', '$2y$10$mbcn1dHgi2/WZSEvVoxho.CyD6tZPIV0nYxGUBRIQsl1ddd7NdCSG', 'Michael Werkneh', NULL, 'RM', 'admin', 1, '2025-04-25 23:38:12', '2025-04-09 03:00:30', NULL),
(5, 'Ruth', '$2y$10$r2XhskKlz0kcWJFpMSQS/uouFKhC9.qlwodlnNtPF/JGZGI1IZgUK', 'Ruth Alemu', NULL, 'HC', 'staff', 1, NULL, '2025-04-09 03:00:30', NULL),
(6, 'Mahlet', '$2y$10$r1v0LMTqXBe.5NhkKpiAYuJZxD40O8BUTw194e0krxTX1VREb07lW', 'Mahlet Zerfu', NULL, 'KS', 'staff', 1, '2025-04-23 01:24:12', '2025-04-09 03:00:30', NULL),
(7, 'Yonas', '$2y$10$BvRA8qOmAeTKMmIefM1afOerGVkjKB4r/m52vIgBH6h0npM07rhQK', 'Kibrom Zenebe', NULL, 'SS', 'staff', 1, NULL, '2025-04-09 03:00:30', NULL),
(8, 'sara', '$2y$10$jEfGGOqO37M10Mnbfr8KmO.YHK/Fi2qc7/tYF4kcmoBAMpYI6TjJO', 'Sara Teshome', NULL, NULL, 'manager', 1, NULL, '0000-00-00 00:00:00', NULL),
(11, 'Tsion', '$2y$10$dx6XNVwJp1wcdpwH2LI14OGW4MaOcmp3NJypym11edV3yvnvE3q.e', 'Tsion Alemayehu', NULL, NULL, 'staff', 1, NULL, '2025-04-25 00:39:20', NULL);

--
-- Indexes for dumped tables
--

--
-- Indexes for table `cleaning_locations`
--
ALTER TABLE `cleaning_locations`
  ADD PRIMARY KEY (`location_id`);

--
-- Indexes for table `cleaning_log`
--
ALTER TABLE `cleaning_log`
  ADD PRIMARY KEY (`log_id`),
  ADD KEY `task_id` (`task_id`),
  ADD KEY `location_id` (`location_id`),
  ADD KEY `completed_by_user_id` (`completed_by_user_id`),
  ADD KEY `verified_by_user_id` (`verified_by_user_id`);

--
-- Indexes for table `cleaning_task`
--
ALTER TABLE `cleaning_task`
  ADD PRIMARY KEY (`task_id`),
  ADD KEY `location_id` (`location_id`);

--
-- Indexes for table `equipment`
--
ALTER TABLE `equipment`
  ADD PRIMARY KEY (`equipment_id`);

--
-- Indexes for table `food_waste_log`
--
ALTER TABLE `food_waste_log`
  ADD PRIMARY KEY (`waste_id`),
  ADD KEY `recorded_by_user_id` (`recorded_by_user_id`);

--
-- Indexes for table `settings`
--
ALTER TABLE `settings`
  ADD PRIMARY KEY (`setting_id`),
  ADD UNIQUE KEY `setting_key` (`setting_key`);

--
-- Indexes for table `system_settings`
--
ALTER TABLE `system_settings`
  ADD PRIMARY KEY (`setting_id`),
  ADD UNIQUE KEY `setting_key` (`setting_key`);

--
-- Indexes for table `temperature_checks`
--
ALTER TABLE `temperature_checks`
  ADD PRIMARY KEY (`check_id`),
  ADD KEY `equipment_id` (`equipment_id`),
  ADD KEY `checked_by_user_id` (`checked_by_user_id`);

--
-- Indexes for table `users`
--
ALTER TABLE `users`
  ADD PRIMARY KEY (`user_id`),
  ADD UNIQUE KEY `username` (`username`);

--
-- AUTO_INCREMENT for dumped tables
--

--
-- AUTO_INCREMENT for table `cleaning_locations`
--
ALTER TABLE `cleaning_locations`
  MODIFY `location_id` int(11) NOT NULL AUTO_INCREMENT, AUTO_INCREMENT=49;

--
-- AUTO_INCREMENT for table `cleaning_log`
--
ALTER TABLE `cleaning_log`
  MODIFY `log_id` int(11) NOT NULL AUTO_INCREMENT, AUTO_INCREMENT=31003;

--
-- AUTO_INCREMENT for table `cleaning_task`
--
ALTER TABLE `cleaning_task`
  MODIFY `task_id` int(11) NOT NULL AUTO_INCREMENT, AUTO_INCREMENT=37;

--
-- AUTO_INCREMENT for table `equipment`
--
ALTER TABLE `equipment`
  MODIFY `equipment_id` int(11) NOT NULL AUTO_INCREMENT, AUTO_INCREMENT=12;

--
-- AUTO_INCREMENT for table `food_waste_log`
--
ALTER TABLE `food_waste_log`
  MODIFY `waste_id` int(11) NOT NULL AUTO_INCREMENT;

--
-- AUTO_INCREMENT for table `settings`
--
ALTER TABLE `settings`
  MODIFY `setting_id` int(11) NOT NULL AUTO_INCREMENT, AUTO_INCREMENT=15;

--
-- AUTO_INCREMENT for table `system_settings`
--
ALTER TABLE `system_settings`
  MODIFY `setting_id` int(11) NOT NULL AUTO_INCREMENT, AUTO_INCREMENT=9;

--
-- AUTO_INCREMENT for table `temperature_checks`
--
ALTER TABLE `temperature_checks`
  MODIFY `check_id` int(11) NOT NULL AUTO_INCREMENT, AUTO_INCREMENT=1257;

--
-- AUTO_INCREMENT for table `users`
--
ALTER TABLE `users`
  MODIFY `user_id` int(11) NOT NULL AUTO_INCREMENT, AUTO_INCREMENT=12;

--
-- Constraints for dumped tables
--

--
-- Constraints for table `cleaning_log`
--
ALTER TABLE `cleaning_log`
  ADD CONSTRAINT `cleaning_log_ibfk_1` FOREIGN KEY (`task_id`) REFERENCES `cleaning_task` (`task_id`) ON DELETE CASCADE,
  ADD CONSTRAINT `cleaning_log_ibfk_2` FOREIGN KEY (`location_id`) REFERENCES `cleaning_locations` (`location_id`) ON DELETE CASCADE,
  ADD CONSTRAINT `cleaning_log_ibfk_3` FOREIGN KEY (`completed_by_user_id`) REFERENCES `users` (`user_id`),
  ADD CONSTRAINT `cleaning_log_ibfk_4` FOREIGN KEY (`verified_by_user_id`) REFERENCES `users` (`user_id`);

--
-- Constraints for table `cleaning_task`
--
ALTER TABLE `cleaning_task`
  ADD CONSTRAINT `cleaning_task_ibfk_1` FOREIGN KEY (`location_id`) REFERENCES `cleaning_locations` (`location_id`) ON DELETE CASCADE;

--
-- Constraints for table `food_waste_log`
--
ALTER TABLE `food_waste_log`
  ADD CONSTRAINT `food_waste_log_ibfk_1` FOREIGN KEY (`recorded_by_user_id`) REFERENCES `users` (`user_id`);

--
-- Constraints for table `temperature_checks`
--
ALTER TABLE `temperature_checks`
  ADD CONSTRAINT `temperature_checks_ibfk_1` FOREIGN KEY (`equipment_id`) REFERENCES `equipment` (`equipment_id`) ON DELETE CASCADE,
  ADD CONSTRAINT `temperature_checks_ibfk_2` FOREIGN KEY (`checked_by_user_id`) REFERENCES `users` (`user_id`);
COMMIT;

/*!40101 SET CHARACTER_SET_CLIENT=@OLD_CHARACTER_SET_CLIENT */;
/*!40101 SET CHARACTER_SET_RESULTS=@OLD_CHARACTER_SET_RESULTS */;
/*!40101 SET COLLATION_CONNECTION=@OLD_COLLATION_CONNECTION */;
