-- phpMyAdmin SQL Dump
-- version 5.2.1
-- https://www.phpmyadmin.net/
--
-- Host: 127.0.0.1
-- Generation Time: Apr 14, 2025 at 11:25 PM
-- Server version: 10.4.32-MariaDB
-- PHP Version: 8.2.12

SET SQL_MODE = "NO_AUTO_VALUE_ON_ZERO";
START TRANSACTION;
SET time_zone = "+00:00";


/*!40101 SET @OLD_CHARACTER_SET_CLIENT=@@CHARACTER_SET_CLIENT */;
/*!40101 SET @OLD_CHARACTER_SET_RESULTS=@@CHARACTER_SET_RESULTS */;
/*!40101 SET @OLD_COLLATION_CONNECTION=@@COLLATION_CONNECTION */;
/*!40101 SET NAMES utf8mb4 */;

--
-- Database: `geez_restaurant`
--

-- --------------------------------------------------------

--
-- Table structure for table `cleaning_locations`
--

CREATE TABLE `cleaning_locations` (
  `location_id` int(11) NOT NULL,
  `name` varchar(100) NOT NULL,
  `description` text DEFAULT NULL,
  `is_active` tinyint(1) NOT NULL DEFAULT 1,
  `created_at` datetime NOT NULL,
  `updated_at` datetime DEFAULT NULL
) ENGINE=InnoDB DEFAULT CHARSET=utf8mb4 COLLATE=utf8mb4_general_ci;

--
-- Dumping data for table `cleaning_locations`
--

INSERT INTO `cleaning_locations` (`location_id`, `name`, `description`, `is_active`, `created_at`, `updated_at`) VALUES
(1, 'Main Kitchen', 'Main food preparation area', 1, '2025-04-09 03:00:30', '2025-04-09 03:00:30'),
(2, 'Prep Area', 'Food preparation and cutting area', 1, '2025-04-09 03:00:30', '2025-04-09 03:00:30'),
(3, 'Cooking Line', 'Stoves, grills, and cooking equipment', 1, '2025-04-09 03:00:30', '2025-04-09 03:00:30'),
(4, 'Dishwashing Area', 'Dish and utensil washing station', 1, '2025-04-09 03:00:30', '2025-04-09 03:00:30'),
(5, 'Walk-in Refrigerator', 'Main cold storage area', 1, '2025-04-09 03:00:30', '2025-04-09 03:00:30'),
(6, 'Walk-in Freezer', 'Frozen food storage area', 1, '2025-04-09 03:00:30', '2025-04-09 03:00:30'),
(7, 'Dry Storage', 'Non-perishable food storage', 1, '2025-04-09 03:00:30', '2025-04-09 03:00:30'),
(8, 'Bar Area', 'Beverage preparation and service area', 1, '2025-04-09 03:00:30', '2025-04-09 03:00:30'),
(9, 'Dining Area', 'Customer seating and service area', 1, '2025-04-09 03:00:30', '2025-04-09 03:00:30'),
(10, 'Restrooms', 'Customer and staff restrooms', 1, '2025-04-09 03:00:30', '2025-04-09 03:00:30');

-- --------------------------------------------------------

--
-- Table structure for table `cleaning_log`
--

CREATE TABLE `cleaning_log` (
  `log_id` int(11) NOT NULL,
  `task_id` int(11) NOT NULL,
  `location_id` int(11) NOT NULL,
  `completed_date` date NOT NULL,
  `completed_time` time NOT NULL,
  `completed_by_user_id` int(11) NOT NULL,
  `notes` text DEFAULT NULL,
  `is_verified` tinyint(1) NOT NULL DEFAULT 0,
  `verified_by_user_id` int(11) DEFAULT NULL,
  `verified_at` datetime DEFAULT NULL,
  `created_at` datetime NOT NULL,
  `updated_at` datetime DEFAULT NULL
) ENGINE=InnoDB DEFAULT CHARSET=utf8mb4 COLLATE=utf8mb4_general_ci;

--
-- Dumping data for table `cleaning_log`
--

INSERT INTO `cleaning_log` (`log_id`, `task_id`, `location_id`, `completed_date`, `completed_time`, `completed_by_user_id`, `notes`, `is_verified`, `verified_by_user_id`, `verified_at`, `created_at`, `updated_at`) VALUES
(1, 1, 1, '2025-03-10', '08:10:00', 4, NULL, 1, 4, '2025-03-10 08:11:00', '2025-03-10 08:10:00', '2025-03-10 08:10:00'),
(2, 1, 1, '2025-03-11', '14:41:00', 5, 'Regular cleaning completed as scheduled.', 1, 1, '2025-03-11 15:22:00', '2025-03-11 14:41:00', '2025-03-11 14:41:00'),
(3, 1, 1, '2025-03-12', '13:41:00', 4, 'Regular cleaning completed as scheduled.', 1, 1, '2025-03-12 14:12:00', '2025-03-12 13:41:00', '2025-03-12 13:41:00'),
(4, 1, 1, '2025-03-13', '17:14:00', 6, NULL, 1, 4, '2025-03-13 18:07:00', '2025-03-13 17:14:00', '2025-03-13 17:14:00'),
(5, 1, 1, '2025-03-14', '20:01:00', 7, NULL, 1, 1, '2025-03-14 20:05:00', '2025-03-14 20:01:00', '2025-03-14 20:01:00'),
(6, 1, 1, '2025-03-15', '18:35:00', 5, 'Regular cleaning completed as scheduled.', 1, 4, '2025-03-15 19:23:00', '2025-03-15 18:35:00', '2025-03-15 18:35:00'),
(7, 1, 1, '2025-03-16', '20:51:00', 4, NULL, 0, NULL, NULL, '2025-03-16 20:51:00', '2025-03-16 20:51:00'),
(8, 1, 1, '2025-03-17', '19:29:00', 7, NULL, 1, 1, '2025-03-17 20:29:00', '2025-03-17 19:29:00', '2025-03-17 19:29:00'),
(9, 1, 1, '2025-03-18', '19:47:00', 7, 'Regular cleaning completed as scheduled.', 1, 4, '2025-03-18 20:21:00', '2025-03-18 19:47:00', '2025-03-18 19:47:00'),
(10, 1, 1, '2025-03-19', '16:38:00', 4, NULL, 1, 4, '2025-03-19 17:31:00', '2025-03-19 16:38:00', '2025-03-19 16:38:00'),
(11, 1, 1, '2025-03-20', '10:31:00', 6, 'Regular cleaning completed as scheduled.', 1, 4, '2025-03-20 10:39:00', '2025-03-20 10:31:00', '2025-03-20 10:31:00'),
(12, 1, 1, '2025-03-21', '20:56:00', 6, NULL, 1, 4, '2025-03-21 21:39:00', '2025-03-21 20:56:00', '2025-03-21 20:56:00'),
(13, 1, 1, '2025-03-22', '12:10:00', 4, NULL, 1, 4, '2025-03-22 12:11:00', '2025-03-22 12:10:00', '2025-03-22 12:10:00'),
(14, 1, 1, '2025-03-23', '17:50:00', 5, NULL, 0, NULL, NULL, '2025-03-23 17:50:00', '2025-03-23 17:50:00'),
(15, 1, 1, '2025-03-24', '15:37:00', 7, 'Regular cleaning completed as scheduled.', 1, 4, '2025-03-24 15:45:00', '2025-03-24 15:37:00', '2025-03-24 15:37:00'),
(16, 1, 1, '2025-03-25', '11:23:00', 6, NULL, 1, 4, '2025-03-25 12:06:00', '2025-03-25 11:23:00', '2025-03-25 11:23:00'),
(17, 1, 1, '2025-03-26', '09:07:00', 6, NULL, 1, 4, '2025-03-26 09:12:00', '2025-03-26 09:07:00', '2025-03-26 09:07:00'),
(18, 1, 1, '2025-03-27', '18:00:00', 4, NULL, 1, 1, '2025-03-27 18:46:00', '2025-03-27 18:00:00', '2025-03-27 18:00:00'),
(19, 1, 1, '2025-03-28', '10:21:00', 5, NULL, 0, NULL, NULL, '2025-03-28 10:21:00', '2025-03-28 10:21:00'),
(20, 1, 1, '2025-03-29', '11:12:00', 7, NULL, 1, 4, '2025-03-29 11:57:00', '2025-03-29 11:12:00', '2025-03-29 11:12:00'),
(21, 1, 1, '2025-03-30', '20:54:00', 6, 'Regular cleaning completed as scheduled.', 1, 1, '2025-03-30 21:41:00', '2025-03-30 20:54:00', '2025-03-30 20:54:00'),
(22, 1, 1, '2025-03-31', '17:23:00', 7, 'Regular cleaning completed as scheduled.', 1, 4, '2025-03-31 17:56:00', '2025-03-31 17:23:00', '2025-03-31 17:23:00'),
(23, 1, 1, '2025-04-01', '08:01:00', 4, NULL, 1, 1, '2025-04-01 08:15:00', '2025-04-01 08:01:00', '2025-04-01 08:01:00'),
(24, 1, 1, '2025-04-02', '10:44:00', 7, NULL, 1, 4, '2025-04-02 11:12:00', '2025-04-02 10:44:00', '2025-04-02 10:44:00'),
(25, 1, 1, '2025-04-03', '19:54:00', 4, NULL, 1, 4, '2025-04-03 20:04:00', '2025-04-03 19:54:00', '2025-04-03 19:54:00'),
(26, 1, 1, '2025-04-04', '17:57:00', 5, NULL, 1, 4, '2025-04-04 18:47:00', '2025-04-04 17:57:00', '2025-04-04 17:57:00'),
(27, 1, 1, '2025-04-05', '17:03:00', 5, NULL, 1, 4, '2025-04-05 17:19:00', '2025-04-05 17:03:00', '2025-04-05 17:03:00'),
(28, 1, 1, '2025-04-06', '15:20:00', 7, 'Regular cleaning completed as scheduled.', 1, 4, '2025-04-06 15:36:00', '2025-04-06 15:20:00', '2025-04-06 15:20:00'),
(29, 1, 1, '2025-04-07', '09:41:00', 4, NULL, 1, 4, '2025-04-07 09:43:00', '2025-04-07 09:41:00', '2025-04-07 09:41:00'),
(30, 1, 1, '2025-04-08', '10:25:00', 7, 'Regular cleaning completed as scheduled.', 0, NULL, NULL, '2025-04-08 10:25:00', '2025-04-08 10:25:00'),
(31, 1, 1, '2025-04-09', '09:29:00', 7, NULL, 0, NULL, NULL, '2025-04-09 09:29:00', '2025-04-09 09:29:00'),
(32, 2, 1, '2025-03-10', '11:09:00', 7, NULL, 1, 4, '2025-03-10 11:56:00', '2025-03-10 11:09:00', '2025-03-10 11:09:00'),
(33, 2, 1, '2025-03-11', '15:53:00', 7, NULL, 1, 4, '2025-03-11 16:46:00', '2025-03-11 15:53:00', '2025-03-11 15:53:00'),
(34, 2, 1, '2025-03-12', '16:06:00', 5, NULL, 1, 4, '2025-03-12 16:51:00', '2025-03-12 16:06:00', '2025-03-12 16:06:00'),
(35, 2, 1, '2025-03-13', '09:35:00', 4, NULL, 1, 4, '2025-03-13 09:56:00', '2025-03-13 09:35:00', '2025-03-13 09:35:00'),
(36, 2, 1, '2025-03-14', '08:25:00', 7, NULL, 0, NULL, NULL, '2025-03-14 08:25:00', '2025-03-14 08:25:00'),
(37, 2, 1, '2025-03-15', '15:12:00', 7, NULL, 1, 4, '2025-03-15 15:45:00', '2025-03-15 15:12:00', '2025-03-15 15:12:00'),
(38, 2, 1, '2025-03-16', '18:50:00', 7, NULL, 1, 4, '2025-03-16 19:00:00', '2025-03-16 18:50:00', '2025-03-16 18:50:00'),
(39, 2, 1, '2025-03-17', '15:56:00', 6, NULL, 1, 1, '2025-03-17 16:21:00', '2025-03-17 15:56:00', '2025-03-17 15:56:00'),
(40, 2, 1, '2025-03-18', '18:44:00', 5, 'Regular cleaning completed as scheduled.', 1, 4, '2025-03-18 18:58:00', '2025-03-18 18:44:00', '2025-03-18 18:44:00'),
(41, 2, 1, '2025-03-19', '16:05:00', 4, 'Regular cleaning completed as scheduled.', 0, NULL, NULL, '2025-03-19 16:05:00', '2025-03-19 16:05:00'),
(42, 2, 1, '2025-03-20', '08:13:00', 5, 'Regular cleaning completed as scheduled.', 1, 4, '2025-03-20 08:44:00', '2025-03-20 08:13:00', '2025-03-20 08:13:00'),
(43, 2, 1, '2025-03-21', '16:59:00', 7, NULL, 1, 4, '2025-03-21 17:16:00', '2025-03-21 16:59:00', '2025-03-21 16:59:00'),
(44, 2, 1, '2025-03-22', '14:10:00', 7, 'Regular cleaning completed as scheduled.', 1, 4, '2025-03-22 14:45:00', '2025-03-22 14:10:00', '2025-03-22 14:10:00'),
(45, 2, 1, '2025-03-23', '16:10:00', 6, NULL, 1, 4, '2025-03-23 16:30:00', '2025-03-23 16:10:00', '2025-03-23 16:10:00'),
(46, 2, 1, '2025-03-24', '17:42:00', 4, NULL, 0, NULL, NULL, '2025-03-24 17:42:00', '2025-03-24 17:42:00'),
(47, 2, 1, '2025-03-25', '12:21:00', 5, NULL, 1, 1, '2025-03-25 12:42:00', '2025-03-25 12:21:00', '2025-03-25 12:21:00'),
(48, 2, 1, '2025-03-26', '10:51:00', 5, 'Regular cleaning completed as scheduled.', 1, 4, '2025-03-26 11:27:00', '2025-03-26 10:51:00', '2025-03-26 10:51:00'),
(49, 2, 1, '2025-03-27', '20:16:00', 4, 'Regular cleaning completed as scheduled.', 0, NULL, NULL, '2025-03-27 20:16:00', '2025-03-27 20:16:00'),
(50, 2, 1, '2025-03-28', '17:08:00', 6, NULL, 1, 4, '2025-03-28 18:03:00', '2025-03-28 17:08:00', '2025-03-28 17:08:00'),
(51, 2, 1, '2025-03-29', '09:36:00', 6, NULL, 1, 4, '2025-03-29 09:50:00', '2025-03-29 09:36:00', '2025-03-29 09:36:00'),
(52, 2, 1, '2025-03-30', '17:36:00', 5, 'Regular cleaning completed as scheduled.', 1, 1, '2025-03-30 17:49:00', '2025-03-30 17:36:00', '2025-03-30 17:36:00'),
(53, 2, 1, '2025-03-31', '17:23:00', 5, NULL, 1, 1, '2025-03-31 17:35:00', '2025-03-31 17:23:00', '2025-03-31 17:23:00'),
(54, 2, 1, '2025-04-01', '15:18:00', 4, 'Regular cleaning completed as scheduled.', 1, 4, '2025-04-01 16:07:00', '2025-04-01 15:18:00', '2025-04-01 15:18:00'),
(55, 2, 1, '2025-04-02', '11:09:00', 6, NULL, 1, 4, '2025-04-02 12:01:00', '2025-04-02 11:09:00', '2025-04-02 11:09:00'),
(56, 2, 1, '2025-04-03', '15:49:00', 5, NULL, 1, 4, '2025-04-03 16:13:00', '2025-04-03 15:49:00', '2025-04-03 15:49:00'),
(57, 2, 1, '2025-04-04', '10:23:00', 4, NULL, 1, 1, '2025-04-04 10:31:00', '2025-04-04 10:23:00', '2025-04-04 10:23:00'),
(58, 2, 1, '2025-04-05', '14:16:00', 6, NULL, 1, 4, '2025-04-05 14:21:00', '2025-04-05 14:16:00', '2025-04-05 14:16:00'),
(59, 2, 1, '2025-04-06', '17:26:00', 4, 'Regular cleaning completed as scheduled.', 1, 1, '2025-04-06 17:52:00', '2025-04-06 17:26:00', '2025-04-06 17:26:00'),
(60, 2, 1, '2025-04-07', '16:55:00', 5, NULL, 0, NULL, NULL, '2025-04-07 16:55:00', '2025-04-07 16:55:00'),
(61, 2, 1, '2025-04-08', '14:26:00', 7, NULL, 0, NULL, NULL, '2025-04-08 14:26:00', '2025-04-08 14:26:00'),
(62, 2, 1, '2025-04-09', '10:12:00', 4, NULL, 0, NULL, NULL, '2025-04-09 10:12:00', '2025-04-09 10:12:00'),
(63, 3, 1, '2025-03-10', '14:29:00', 4, NULL, 1, 4, '2025-03-10 14:59:00', '2025-03-10 14:29:00', '2025-03-10 14:29:00'),
(64, 3, 1, '2025-03-11', '09:14:00', 6, NULL, 1, 1, '2025-03-11 10:09:00', '2025-03-11 09:14:00', '2025-03-11 09:14:00'),
(65, 3, 1, '2025-03-12', '11:03:00', 7, NULL, 1, 4, '2025-03-12 11:54:00', '2025-03-12 11:03:00', '2025-03-12 11:03:00'),
(66, 3, 1, '2025-03-13', '17:35:00', 4, 'Regular cleaning completed as scheduled.', 0, NULL, NULL, '2025-03-13 17:35:00', '2025-03-13 17:35:00'),
(67, 3, 1, '2025-03-14', '13:27:00', 5, NULL, 1, 4, '2025-03-14 14:12:00', '2025-03-14 13:27:00', '2025-03-14 13:27:00'),
(68, 3, 1, '2025-03-15', '19:51:00', 7, NULL, 1, 4, '2025-03-15 19:57:00', '2025-03-15 19:51:00', '2025-03-15 19:51:00'),
(69, 3, 1, '2025-03-16', '13:05:00', 5, NULL, 1, 4, '2025-03-16 13:13:00', '2025-03-16 13:05:00', '2025-03-16 13:05:00'),
(70, 3, 1, '2025-03-17', '12:18:00', 6, NULL, 1, 1, '2025-03-17 12:48:00', '2025-03-17 12:18:00', '2025-03-17 12:18:00'),
(71, 3, 1, '2025-03-18', '13:10:00', 7, NULL, 0, NULL, NULL, '2025-03-18 13:10:00', '2025-03-18 13:10:00'),
(72, 3, 1, '2025-03-19', '16:47:00', 4, NULL, 1, 4, '2025-03-19 16:52:00', '2025-03-19 16:47:00', '2025-03-19 16:47:00'),
(73, 3, 1, '2025-03-20', '15:48:00', 7, 'Regular cleaning completed as scheduled.', 1, 4, '2025-03-20 16:03:00', '2025-03-20 15:48:00', '2025-03-20 15:48:00'),
(74, 3, 1, '2025-03-21', '12:18:00', 7, NULL, 1, 1, '2025-03-21 13:18:00', '2025-03-21 12:18:00', '2025-03-21 12:18:00'),
(75, 3, 1, '2025-03-22', '20:28:00', 5, NULL, 1, 4, '2025-03-22 21:05:00', '2025-03-22 20:28:00', '2025-03-22 20:28:00'),
(76, 3, 1, '2025-03-23', '10:26:00', 6, NULL, 1, 1, '2025-03-23 11:00:00', '2025-03-23 10:26:00', '2025-03-23 10:26:00'),
(77, 3, 1, '2025-03-24', '19:32:00', 4, 'Regular cleaning completed as scheduled.', 1, 4, '2025-03-24 19:35:00', '2025-03-24 19:32:00', '2025-03-24 19:32:00'),
(78, 3, 1, '2025-03-25', '08:22:00', 4, NULL, 1, 4, '2025-03-25 08:43:00', '2025-03-25 08:22:00', '2025-03-25 08:22:00'),
(79, 3, 1, '2025-03-26', '15:00:00', 6, NULL, 0, NULL, NULL, '2025-03-26 15:00:00', '2025-03-26 15:00:00'),
(80, 3, 1, '2025-03-27', '19:28:00', 7, 'Regular cleaning completed as scheduled.', 1, 4, '2025-03-27 20:28:00', '2025-03-27 19:28:00', '2025-03-27 19:28:00'),
(81, 3, 1, '2025-03-28', '17:05:00', 7, NULL, 1, 4, '2025-03-28 17:42:00', '2025-03-28 17:05:00', '2025-03-28 17:05:00'),
(82, 3, 1, '2025-03-29', '18:52:00', 5, 'Regular cleaning completed as scheduled.', 1, 4, '2025-03-29 19:13:00', '2025-03-29 18:52:00', '2025-03-29 18:52:00'),
(83, 3, 1, '2025-03-30', '20:04:00', 7, 'Regular cleaning completed as scheduled.', 0, NULL, NULL, '2025-03-30 20:04:00', '2025-03-30 20:04:00'),
(84, 3, 1, '2025-03-31', '20:15:00', 7, NULL, 1, 1, '2025-03-31 20:20:00', '2025-03-31 20:15:00', '2025-03-31 20:15:00'),
(85, 3, 1, '2025-04-01', '10:05:00', 7, 'Regular cleaning completed as scheduled.', 1, 4, '2025-04-01 10:47:00', '2025-04-01 10:05:00', '2025-04-01 10:05:00'),
(86, 3, 1, '2025-04-02', '17:03:00', 4, 'Regular cleaning completed as scheduled.', 1, 4, '2025-04-02 17:14:00', '2025-04-02 17:03:00', '2025-04-02 17:03:00'),
(87, 3, 1, '2025-04-03', '11:29:00', 7, 'Regular cleaning completed as scheduled.', 1, 4, '2025-04-03 12:11:00', '2025-04-03 11:29:00', '2025-04-03 11:29:00'),
(88, 3, 1, '2025-04-04', '14:31:00', 7, NULL, 1, 1, '2025-04-04 14:47:00', '2025-04-04 14:31:00', '2025-04-04 14:31:00'),
(89, 3, 1, '2025-04-05', '16:55:00', 7, 'Regular cleaning completed as scheduled.', 0, NULL, NULL, '2025-04-05 16:55:00', '2025-04-05 16:55:00'),
(90, 3, 1, '2025-04-06', '13:57:00', 7, NULL, 1, 1, '2025-04-06 14:04:00', '2025-04-06 13:57:00', '2025-04-06 13:57:00'),
(91, 3, 1, '2025-04-07', '08:18:00', 6, 'Regular cleaning completed as scheduled.', 1, 4, '2025-04-07 08:20:00', '2025-04-07 08:18:00', '2025-04-07 08:18:00'),
(92, 3, 1, '2025-04-08', '13:56:00', 5, NULL, 1, 4, '2025-04-08 14:14:00', '2025-04-08 13:56:00', '2025-04-08 13:56:00'),
(93, 3, 1, '2025-04-09', '16:02:00', 5, NULL, 1, 4, '2025-04-09 16:21:00', '2025-04-09 16:02:00', '2025-04-09 16:02:00'),
(94, 4, 3, '2025-03-10', '09:46:00', 7, NULL, 0, NULL, NULL, '2025-03-10 09:46:00', '2025-03-10 09:46:00'),
(95, 4, 3, '2025-03-11', '17:27:00', 5, NULL, 1, 1, '2025-03-11 18:20:00', '2025-03-11 17:27:00', '2025-03-11 17:27:00'),
(96, 4, 3, '2025-03-12', '08:41:00', 6, NULL, 1, 4, '2025-03-12 09:20:00', '2025-03-12 08:41:00', '2025-03-12 08:41:00'),
(97, 4, 3, '2025-03-13', '19:02:00', 4, 'Regular cleaning completed as scheduled.', 1, 4, '2025-03-13 19:51:00', '2025-03-13 19:02:00', '2025-03-13 19:02:00'),
(98, 4, 3, '2025-03-14', '19:10:00', 6, NULL, 1, 4, '2025-03-14 19:23:00', '2025-03-14 19:10:00', '2025-03-14 19:10:00'),
(99, 4, 3, '2025-03-15', '09:01:00', 6, NULL, 1, 4, '2025-03-15 09:08:00', '2025-03-15 09:01:00', '2025-03-15 09:01:00'),
(100, 4, 3, '2025-03-16', '19:31:00', 7, NULL, 1, 4, '2025-03-16 19:38:00', '2025-03-16 19:31:00', '2025-03-16 19:31:00'),
(101, 4, 3, '2025-03-17', '09:00:00', 7, NULL, 1, 4, '2025-03-17 09:17:00', '2025-03-17 09:00:00', '2025-03-17 09:00:00'),
(102, 4, 3, '2025-03-18', '14:03:00', 4, NULL, 1, 4, '2025-03-18 14:21:00', '2025-03-18 14:03:00', '2025-03-18 14:03:00'),
(103, 4, 3, '2025-03-19', '12:31:00', 7, NULL, 1, 4, '2025-03-19 13:19:00', '2025-03-19 12:31:00', '2025-03-19 12:31:00'),
(104, 4, 3, '2025-03-20', '17:12:00', 6, 'Regular cleaning completed as scheduled.', 0, NULL, NULL, '2025-03-20 17:12:00', '2025-03-20 17:12:00'),
(105, 4, 3, '2025-03-21', '19:16:00', 5, NULL, 0, NULL, NULL, '2025-03-21 19:16:00', '2025-03-21 19:16:00'),
(106, 4, 3, '2025-03-22', '15:36:00', 5, 'Regular cleaning completed as scheduled.', 0, NULL, NULL, '2025-03-22 15:36:00', '2025-03-22 15:36:00'),
(107, 4, 3, '2025-03-23', '10:31:00', 7, NULL, 1, 1, '2025-03-23 11:10:00', '2025-03-23 10:31:00', '2025-03-23 10:31:00'),
(108, 4, 3, '2025-03-24', '11:16:00', 4, NULL, 1, 4, '2025-03-24 11:54:00', '2025-03-24 11:16:00', '2025-03-24 11:16:00'),
(109, 4, 3, '2025-03-25', '12:25:00', 7, NULL, 1, 4, '2025-03-25 12:39:00', '2025-03-25 12:25:00', '2025-03-25 12:25:00'),
(110, 4, 3, '2025-03-26', '11:09:00', 6, NULL, 1, 4, '2025-03-26 11:24:00', '2025-03-26 11:09:00', '2025-03-26 11:09:00'),
(111, 4, 3, '2025-03-27', '20:43:00', 6, NULL, 1, 4, '2025-03-27 21:23:00', '2025-03-27 20:43:00', '2025-03-27 20:43:00'),
(112, 4, 3, '2025-03-28', '14:00:00', 5, NULL, 1, 4, '2025-03-28 14:18:00', '2025-03-28 14:00:00', '2025-03-28 14:00:00'),
(113, 4, 3, '2025-03-29', '11:10:00', 5, 'Regular cleaning completed as scheduled.', 1, 4, '2025-03-29 11:25:00', '2025-03-29 11:10:00', '2025-03-29 11:10:00'),
(114, 4, 3, '2025-03-30', '17:15:00', 7, NULL, 0, NULL, NULL, '2025-03-30 17:15:00', '2025-03-30 17:15:00'),
(115, 4, 3, '2025-03-31', '13:08:00', 7, NULL, 1, 1, '2025-03-31 13:48:00', '2025-03-31 13:08:00', '2025-03-31 13:08:00'),
(116, 4, 3, '2025-04-01', '16:00:00', 7, NULL, 1, 1, '2025-04-01 16:35:00', '2025-04-01 16:00:00', '2025-04-01 16:00:00'),
(117, 4, 3, '2025-04-02', '15:57:00', 4, 'Regular cleaning completed as scheduled.', 1, 1, '2025-04-02 16:24:00', '2025-04-02 15:57:00', '2025-04-02 15:57:00'),
(118, 4, 3, '2025-04-03', '14:08:00', 5, NULL, 1, 1, '2025-04-03 15:07:00', '2025-04-03 14:08:00', '2025-04-03 14:08:00'),
(119, 4, 3, '2025-04-04', '20:55:00', 7, NULL, 1, 4, '2025-04-04 21:43:00', '2025-04-04 20:55:00', '2025-04-04 20:55:00'),
(120, 4, 3, '2025-04-05', '20:02:00', 6, NULL, 1, 4, '2025-04-05 20:56:00', '2025-04-05 20:02:00', '2025-04-05 20:02:00'),
(121, 4, 3, '2025-04-06', '18:04:00', 4, 'Regular cleaning completed as scheduled.', 0, NULL, NULL, '2025-04-06 18:04:00', '2025-04-06 18:04:00'),
(122, 4, 3, '2025-04-07', '08:07:00', 5, 'Regular cleaning completed as scheduled.', 1, 1, '2025-04-07 08:43:00', '2025-04-07 08:07:00', '2025-04-07 08:07:00'),
(123, 4, 3, '2025-04-08', '12:20:00', 7, NULL, 1, 4, '2025-04-08 13:20:00', '2025-04-08 12:20:00', '2025-04-08 12:20:00'),
(124, 4, 3, '2025-04-09', '16:23:00', 1, '<br /><b>Deprecated</b>:  htmlspecialchars(): Passing null to parameter #1 ($string) of type string is deprecated in <b>C:\\xampp\\htdocs\\geez_restaurant\\modules\\cleaning\\log.php</b> on line <b>264</b><br />', 1, 4, '2025-04-09 16:41:00', '2025-04-09 16:23:00', '2025-04-09 16:23:00'),
(125, 5, 3, '2025-03-12', '17:26:00', 7, NULL, 1, 4, '2025-03-12 18:04:00', '2025-03-12 17:26:00', '2025-03-12 17:26:00'),
(126, 5, 3, '2025-03-19', '08:22:00', 6, NULL, 1, 4, '2025-03-19 09:19:00', '2025-03-19 08:22:00', '2025-03-19 08:22:00'),
(127, 5, 3, '2025-03-26', '09:34:00', 7, NULL, 0, NULL, NULL, '2025-03-26 09:34:00', '2025-03-26 09:34:00'),
(128, 5, 3, '2025-04-02', '08:47:00', 7, 'Regular cleaning completed as scheduled.', 1, 4, '2025-04-02 09:18:00', '2025-04-02 08:47:00', '2025-04-02 08:47:00'),
(129, 5, 3, '2025-04-09', '11:25:00', 1, '<br /><b>Deprecated</b>:  htmlspecialchars(): Passing null to parameter #1 ($string) of type string is deprecated in <b>C:\\xampp\\htdocs\\geez_restaurant\\modules\\cleaning\\log.php</b> on line <b>316</b><br />', 1, 1, '2025-04-09 12:12:00', '2025-04-09 11:25:00', '2025-04-09 11:25:00'),
(130, 6, 3, '2025-03-12', '18:43:00', 5, NULL, 1, 4, '2025-03-12 19:03:00', '2025-03-12 18:43:00', '2025-03-12 18:43:00'),
(131, 6, 3, '2025-03-19', '15:04:00', 4, NULL, 1, 4, '2025-03-19 15:05:00', '2025-03-19 15:04:00', '2025-03-19 15:04:00'),
(132, 6, 3, '2025-03-26', '14:59:00', 7, 'Regular cleaning completed as scheduled.', 0, NULL, NULL, '2025-03-26 14:59:00', '2025-03-26 14:59:00'),
(133, 6, 3, '2025-04-02', '14:40:00', 6, NULL, 0, NULL, NULL, '2025-04-02 14:40:00', '2025-04-02 14:40:00'),
(134, 6, 3, '2025-04-09', '16:32:00', 1, '<br /><b>Deprecated</b>:  htmlspecialchars(): Passing null to parameter #1 ($string) of type string is deprecated in <b>C:\\xampp\\htdocs\\geez_restaurant\\modules\\cleaning\\log.php</b> on line <b>316</b><br />', 1, 4, '2025-04-09 17:26:00', '2025-04-09 16:32:00', '2025-04-09 16:32:00'),
(135, 7, 4, '2025-03-10', '16:32:00', 5, NULL, 1, 4, '2025-03-10 16:54:00', '2025-03-10 16:32:00', '2025-03-10 16:32:00'),
(136, 7, 4, '2025-03-11', '19:27:00', 6, NULL, 1, 4, '2025-03-11 19:38:00', '2025-03-11 19:27:00', '2025-03-11 19:27:00'),
(137, 7, 4, '2025-03-12', '10:03:00', 7, NULL, 1, 4, '2025-03-12 10:18:00', '2025-03-12 10:03:00', '2025-03-12 10:03:00'),
(138, 7, 4, '2025-03-13', '20:05:00', 4, NULL, 1, 4, '2025-03-13 20:43:00', '2025-03-13 20:05:00', '2025-03-13 20:05:00'),
(139, 7, 4, '2025-03-14', '17:26:00', 4, 'Regular cleaning completed as scheduled.', 1, 4, '2025-03-14 18:16:00', '2025-03-14 17:26:00', '2025-03-14 17:26:00'),
(140, 7, 4, '2025-03-15', '17:10:00', 4, NULL, 1, 4, '2025-03-15 17:55:00', '2025-03-15 17:10:00', '2025-03-15 17:10:00'),
(141, 7, 4, '2025-03-16', '10:33:00', 4, NULL, 1, 1, '2025-03-16 10:59:00', '2025-03-16 10:33:00', '2025-03-16 10:33:00'),
(142, 7, 4, '2025-03-17', '15:59:00', 5, NULL, 1, 4, '2025-03-17 16:49:00', '2025-03-17 15:59:00', '2025-03-17 15:59:00'),
(143, 7, 4, '2025-03-18', '12:00:00', 6, NULL, 1, 1, '2025-03-18 12:47:00', '2025-03-18 12:00:00', '2025-03-18 12:00:00'),
(144, 7, 4, '2025-03-19', '16:48:00', 6, NULL, 1, 1, '2025-03-19 17:00:00', '2025-03-19 16:48:00', '2025-03-19 16:48:00'),
(145, 7, 4, '2025-03-20', '19:35:00', 6, 'Regular cleaning completed as scheduled.', 1, 4, '2025-03-20 20:10:00', '2025-03-20 19:35:00', '2025-03-20 19:35:00'),
(146, 7, 4, '2025-03-21', '16:03:00', 5, 'Regular cleaning completed as scheduled.', 1, 4, '2025-03-21 16:25:00', '2025-03-21 16:03:00', '2025-03-21 16:03:00'),
(147, 7, 4, '2025-03-22', '08:09:00', 6, 'Regular cleaning completed as scheduled.', 1, 4, '2025-03-22 08:51:00', '2025-03-22 08:09:00', '2025-03-22 08:09:00'),
(148, 7, 4, '2025-03-23', '12:34:00', 6, NULL, 0, NULL, NULL, '2025-03-23 12:34:00', '2025-03-23 12:34:00'),
(149, 7, 4, '2025-03-24', '13:36:00', 5, NULL, 1, 4, '2025-03-24 13:41:00', '2025-03-24 13:36:00', '2025-03-24 13:36:00'),
(150, 7, 4, '2025-03-25', '12:13:00', 6, NULL, 1, 4, '2025-03-25 12:25:00', '2025-03-25 12:13:00', '2025-03-25 12:13:00'),
(151, 7, 4, '2025-03-26', '13:27:00', 6, NULL, 1, 4, '2025-03-26 13:59:00', '2025-03-26 13:27:00', '2025-03-26 13:27:00'),
(152, 7, 4, '2025-03-27', '14:31:00', 6, NULL, 1, 4, '2025-03-27 14:53:00', '2025-03-27 14:31:00', '2025-03-27 14:31:00'),
(153, 7, 4, '2025-03-28', '13:56:00', 5, NULL, 1, 1, '2025-03-28 14:03:00', '2025-03-28 13:56:00', '2025-03-28 13:56:00'),
(154, 7, 4, '2025-03-29', '16:36:00', 6, NULL, 1, 4, '2025-03-29 17:31:00', '2025-03-29 16:36:00', '2025-03-29 16:36:00'),
(155, 7, 4, '2025-03-30', '19:44:00', 6, NULL, 1, 4, '2025-03-30 20:10:00', '2025-03-30 19:44:00', '2025-03-30 19:44:00'),
(156, 7, 4, '2025-03-31', '17:15:00', 5, NULL, 1, 4, '2025-03-31 17:43:00', '2025-03-31 17:15:00', '2025-03-31 17:15:00'),
(157, 7, 4, '2025-04-01', '20:25:00', 5, 'Regular cleaning completed as scheduled.', 1, 4, '2025-04-01 20:26:00', '2025-04-01 20:25:00', '2025-04-01 20:25:00'),
(158, 7, 4, '2025-04-02', '20:59:00', 7, NULL, 0, NULL, NULL, '2025-04-02 20:59:00', '2025-04-02 20:59:00'),
(159, 7, 4, '2025-04-03', '11:03:00', 7, NULL, 1, 4, '2025-04-03 11:47:00', '2025-04-03 11:03:00', '2025-04-03 11:03:00'),
(160, 7, 4, '2025-04-04', '18:18:00', 6, NULL, 1, 4, '2025-04-04 18:21:00', '2025-04-04 18:18:00', '2025-04-04 18:18:00'),
(161, 7, 4, '2025-04-05', '13:02:00', 4, NULL, 1, 4, '2025-04-05 13:03:00', '2025-04-05 13:02:00', '2025-04-05 13:02:00'),
(162, 7, 4, '2025-04-06', '13:23:00', 4, NULL, 1, 4, '2025-04-06 14:08:00', '2025-04-06 13:23:00', '2025-04-06 13:23:00'),
(163, 7, 4, '2025-04-07', '17:18:00', 6, NULL, 1, 4, '2025-04-07 17:35:00', '2025-04-07 17:18:00', '2025-04-07 17:18:00'),
(164, 7, 4, '2025-04-08', '18:45:00', 5, NULL, 1, 4, '2025-04-08 19:30:00', '2025-04-08 18:45:00', '2025-04-08 18:45:00'),
(165, 7, 4, '2025-04-09', '12:59:00', 7, NULL, 1, 1, '2025-04-09 13:24:00', '2025-04-09 12:59:00', '2025-04-09 12:59:00'),
(166, 8, 5, '2025-03-12', '15:46:00', 5, 'Regular cleaning completed as scheduled.', 0, NULL, NULL, '2025-03-12 15:46:00', '2025-03-12 15:46:00'),
(167, 8, 5, '2025-03-19', '17:11:00', 5, 'Regular cleaning completed as scheduled.', 0, NULL, NULL, '2025-03-19 17:11:00', '2025-03-19 17:11:00'),
(168, 8, 5, '2025-03-26', '09:32:00', 7, NULL, 1, 4, '2025-03-26 09:46:00', '2025-03-26 09:32:00', '2025-03-26 09:32:00'),
(169, 8, 5, '2025-04-02', '13:21:00', 6, NULL, 1, 4, '2025-04-02 13:48:00', '2025-04-02 13:21:00', '2025-04-02 13:21:00'),
(170, 8, 5, '2025-04-09', '10:24:00', 6, NULL, 1, 4, '2025-04-09 10:52:00', '2025-04-09 10:24:00', '2025-04-09 10:24:00'),
(171, 9, 6, '2025-03-25', '11:04:00', 7, 'Regular cleaning completed as scheduled.', 0, NULL, NULL, '2025-03-25 11:04:00', '2025-03-25 11:04:00'),
(172, 10, 8, '2025-03-10', '12:00:00', 5, 'Regular cleaning completed as scheduled.', 0, NULL, NULL, '2025-03-10 12:00:00', '2025-03-10 12:00:00'),
(173, 10, 8, '2025-03-11', '10:50:00', 5, NULL, 1, 1, '2025-03-11 10:56:00', '2025-03-11 10:50:00', '2025-03-11 10:50:00'),
(174, 10, 8, '2025-03-12', '17:58:00', 5, NULL, 1, 4, '2025-03-12 18:01:00', '2025-03-12 17:58:00', '2025-03-12 17:58:00'),
(175, 10, 8, '2025-03-13', '18:57:00', 6, NULL, 0, NULL, NULL, '2025-03-13 18:57:00', '2025-03-13 18:57:00'),
(176, 10, 8, '2025-03-14', '18:12:00', 7, NULL, 0, NULL, NULL, '2025-03-14 18:12:00', '2025-03-14 18:12:00'),
(177, 10, 8, '2025-03-15', '14:46:00', 6, 'Regular cleaning completed as scheduled.', 1, 4, '2025-03-15 15:02:00', '2025-03-15 14:46:00', '2025-03-15 14:46:00'),
(178, 10, 8, '2025-03-16', '19:14:00', 5, 'Regular cleaning completed as scheduled.', 0, NULL, NULL, '2025-03-16 19:14:00', '2025-03-16 19:14:00'),
(179, 10, 8, '2025-03-17', '17:17:00', 5, 'Regular cleaning completed as scheduled.', 1, 4, '2025-03-17 17:45:00', '2025-03-17 17:17:00', '2025-03-17 17:17:00'),
(180, 10, 8, '2025-03-18', '17:45:00', 6, NULL, 1, 1, '2025-03-18 18:23:00', '2025-03-18 17:45:00', '2025-03-18 17:45:00'),
(181, 10, 8, '2025-03-19', '14:59:00', 5, NULL, 1, 1, '2025-03-19 15:30:00', '2025-03-19 14:59:00', '2025-03-19 14:59:00'),
(182, 10, 8, '2025-03-20', '12:36:00', 5, NULL, 1, 4, '2025-03-20 13:07:00', '2025-03-20 12:36:00', '2025-03-20 12:36:00'),
(183, 10, 8, '2025-03-21', '10:28:00', 4, 'Regular cleaning completed as scheduled.', 1, 4, '2025-03-21 11:06:00', '2025-03-21 10:28:00', '2025-03-21 10:28:00'),
(184, 10, 8, '2025-03-22', '17:49:00', 5, NULL, 1, 4, '2025-03-22 18:21:00', '2025-03-22 17:49:00', '2025-03-22 17:49:00'),
(185, 10, 8, '2025-03-23', '15:21:00', 6, NULL, 1, 4, '2025-03-23 15:38:00', '2025-03-23 15:21:00', '2025-03-23 15:21:00'),
(186, 10, 8, '2025-03-24', '14:35:00', 6, 'Regular cleaning completed as scheduled.', 1, 1, '2025-03-24 15:26:00', '2025-03-24 14:35:00', '2025-03-24 14:35:00'),
(187, 10, 8, '2025-03-25', '08:30:00', 7, NULL, 0, NULL, NULL, '2025-03-25 08:30:00', '2025-03-25 08:30:00'),
(188, 10, 8, '2025-03-26', '13:32:00', 4, 'Regular cleaning completed as scheduled.', 1, 1, '2025-03-26 14:23:00', '2025-03-26 13:32:00', '2025-03-26 13:32:00'),
(189, 10, 8, '2025-03-27', '17:22:00', 6, NULL, 1, 4, '2025-03-27 17:47:00', '2025-03-27 17:22:00', '2025-03-27 17:22:00'),
(190, 10, 8, '2025-03-28', '13:09:00', 4, NULL, 1, 4, '2025-03-28 13:13:00', '2025-03-28 13:09:00', '2025-03-28 13:09:00'),
(191, 10, 8, '2025-03-29', '20:36:00', 5, 'Regular cleaning completed as scheduled.', 1, 4, '2025-03-29 21:00:00', '2025-03-29 20:36:00', '2025-03-29 20:36:00'),
(192, 10, 8, '2025-03-30', '16:54:00', 5, NULL, 1, 1, '2025-03-30 17:18:00', '2025-03-30 16:54:00', '2025-03-30 16:54:00'),
(193, 10, 8, '2025-03-31', '13:06:00', 7, NULL, 0, NULL, NULL, '2025-03-31 13:06:00', '2025-03-31 13:06:00'),
(194, 10, 8, '2025-04-01', '11:48:00', 6, NULL, 1, 4, '2025-04-01 12:40:00', '2025-04-01 11:48:00', '2025-04-01 11:48:00'),
(195, 10, 8, '2025-04-02', '10:45:00', 7, NULL, 1, 4, '2025-04-02 11:02:00', '2025-04-02 10:45:00', '2025-04-02 10:45:00'),
(196, 10, 8, '2025-04-03', '19:28:00', 6, 'Regular cleaning completed as scheduled.', 1, 4, '2025-04-03 20:08:00', '2025-04-03 19:28:00', '2025-04-03 19:28:00'),
(197, 10, 8, '2025-04-04', '15:46:00', 6, NULL, 1, 4, '2025-04-04 16:07:00', '2025-04-04 15:46:00', '2025-04-04 15:46:00'),
(198, 10, 8, '2025-04-05', '15:36:00', 5, NULL, 1, 4, '2025-04-05 15:57:00', '2025-04-05 15:36:00', '2025-04-05 15:36:00'),
(199, 10, 8, '2025-04-06', '12:07:00', 6, NULL, 0, NULL, NULL, '2025-04-06 12:07:00', '2025-04-06 12:07:00'),
(200, 10, 8, '2025-04-07', '20:39:00', 6, NULL, 1, 4, '2025-04-07 21:20:00', '2025-04-07 20:39:00', '2025-04-07 20:39:00'),
(201, 10, 8, '2025-04-08', '09:27:00', 6, NULL, 0, NULL, NULL, '2025-04-08 09:27:00', '2025-04-08 09:27:00'),
(202, 10, 8, '2025-04-09', '20:12:00', 4, NULL, 1, 4, '2025-04-09 20:37:00', '2025-04-09 20:12:00', '2025-04-09 20:12:00'),
(203, 11, 9, '2025-03-10', '08:13:00', 4, 'Regular cleaning completed as scheduled.', 0, NULL, NULL, '2025-03-10 08:13:00', '2025-03-10 08:13:00'),
(204, 11, 9, '2025-03-11', '14:46:00', 7, 'Regular cleaning completed as scheduled.', 1, 4, '2025-03-11 15:13:00', '2025-03-11 14:46:00', '2025-03-11 14:46:00'),
(205, 11, 9, '2025-03-12', '14:33:00', 7, NULL, 1, 4, '2025-03-12 15:23:00', '2025-03-12 14:33:00', '2025-03-12 14:33:00'),
(206, 11, 9, '2025-03-13', '17:54:00', 5, 'Regular cleaning completed as scheduled.', 1, 4, '2025-03-13 18:21:00', '2025-03-13 17:54:00', '2025-03-13 17:54:00'),
(207, 11, 9, '2025-03-14', '12:33:00', 6, NULL, 1, 4, '2025-03-14 13:00:00', '2025-03-14 12:33:00', '2025-03-14 12:33:00'),
(208, 11, 9, '2025-03-15', '09:02:00', 7, NULL, 1, 4, '2025-03-15 09:17:00', '2025-03-15 09:02:00', '2025-03-15 09:02:00'),
(209, 11, 9, '2025-03-16', '20:34:00', 4, NULL, 1, 4, '2025-03-16 20:59:00', '2025-03-16 20:34:00', '2025-03-16 20:34:00'),
(210, 11, 9, '2025-03-17', '12:33:00', 4, NULL, 1, 1, '2025-03-17 13:20:00', '2025-03-17 12:33:00', '2025-03-17 12:33:00'),
(211, 11, 9, '2025-03-18', '12:23:00', 7, NULL, 1, 4, '2025-03-18 12:52:00', '2025-03-18 12:23:00', '2025-03-18 12:23:00'),
(212, 11, 9, '2025-03-19', '14:15:00', 6, 'Regular cleaning completed as scheduled.', 1, 4, '2025-03-19 14:32:00', '2025-03-19 14:15:00', '2025-03-19 14:15:00'),
(213, 11, 9, '2025-03-20', '19:26:00', 6, NULL, 1, 4, '2025-03-20 19:57:00', '2025-03-20 19:26:00', '2025-03-20 19:26:00'),
(214, 11, 9, '2025-03-21', '20:04:00', 4, NULL, 0, NULL, NULL, '2025-03-21 20:04:00', '2025-03-21 20:04:00'),
(215, 11, 9, '2025-03-22', '17:51:00', 4, NULL, 1, 1, '2025-03-22 18:32:00', '2025-03-22 17:51:00', '2025-03-22 17:51:00'),
(216, 11, 9, '2025-03-23', '10:44:00', 5, NULL, 1, 4, '2025-03-23 11:01:00', '2025-03-23 10:44:00', '2025-03-23 10:44:00'),
(217, 11, 9, '2025-03-24', '15:28:00', 6, NULL, 1, 4, '2025-03-24 16:18:00', '2025-03-24 15:28:00', '2025-03-24 15:28:00'),
(218, 11, 9, '2025-03-25', '19:18:00', 7, NULL, 1, 4, '2025-03-25 19:31:00', '2025-03-25 19:18:00', '2025-03-25 19:18:00'),
(219, 11, 9, '2025-03-26', '13:52:00', 6, NULL, 1, 4, '2025-03-26 14:28:00', '2025-03-26 13:52:00', '2025-03-26 13:52:00'),
(220, 11, 9, '2025-03-27', '10:24:00', 7, NULL, 1, 4, '2025-03-27 11:13:00', '2025-03-27 10:24:00', '2025-03-27 10:24:00'),
(221, 11, 9, '2025-03-28', '11:39:00', 6, 'Regular cleaning completed as scheduled.', 1, 4, '2025-03-28 12:37:00', '2025-03-28 11:39:00', '2025-03-28 11:39:00'),
(222, 11, 9, '2025-03-29', '14:44:00', 7, NULL, 1, 4, '2025-03-29 15:00:00', '2025-03-29 14:44:00', '2025-03-29 14:44:00'),
(223, 11, 9, '2025-03-30', '08:45:00', 5, NULL, 1, 4, '2025-03-30 09:39:00', '2025-03-30 08:45:00', '2025-03-30 08:45:00'),
(224, 11, 9, '2025-03-31', '18:45:00', 4, NULL, 1, 4, '2025-03-31 19:26:00', '2025-03-31 18:45:00', '2025-03-31 18:45:00'),
(225, 11, 9, '2025-04-01', '17:14:00', 5, NULL, 1, 4, '2025-04-01 17:36:00', '2025-04-01 17:14:00', '2025-04-01 17:14:00'),
(226, 11, 9, '2025-04-02', '11:02:00', 6, 'Regular cleaning completed as scheduled.', 1, 4, '2025-04-02 11:08:00', '2025-04-02 11:02:00', '2025-04-02 11:02:00'),
(227, 11, 9, '2025-04-03', '14:19:00', 7, NULL, 1, 1, '2025-04-03 15:11:00', '2025-04-03 14:19:00', '2025-04-03 14:19:00'),
(228, 11, 9, '2025-04-04', '09:25:00', 6, 'Regular cleaning completed as scheduled.', 1, 4, '2025-04-04 09:38:00', '2025-04-04 09:25:00', '2025-04-04 09:25:00'),
(229, 11, 9, '2025-04-05', '20:37:00', 6, NULL, 1, 4, '2025-04-05 21:07:00', '2025-04-05 20:37:00', '2025-04-05 20:37:00'),
(230, 11, 9, '2025-04-06', '19:02:00', 7, NULL, 1, 4, '2025-04-06 19:32:00', '2025-04-06 19:02:00', '2025-04-06 19:02:00'),
(231, 11, 9, '2025-04-07', '17:13:00', 5, NULL, 1, 4, '2025-04-07 18:00:00', '2025-04-07 17:13:00', '2025-04-07 17:13:00'),
(232, 11, 9, '2025-04-08', '14:49:00', 5, 'Regular cleaning completed as scheduled.', 1, 1, '2025-04-08 15:17:00', '2025-04-08 14:49:00', '2025-04-08 14:49:00'),
(233, 11, 9, '2025-04-09', '13:57:00', 7, 'Regular cleaning completed as scheduled.', 1, 4, '2025-04-09 14:18:00', '2025-04-09 13:57:00', '2025-04-09 13:57:00'),
(234, 12, 10, '2025-03-10', '09:53:00', 4, 'Regular cleaning completed as scheduled.', 0, NULL, NULL, '2025-03-10 09:53:00', '2025-03-10 09:53:00'),
(235, 12, 10, '2025-03-11', '20:19:00', 4, NULL, 1, 4, '2025-03-11 20:27:00', '2025-03-11 20:19:00', '2025-03-11 20:19:00'),
(236, 12, 10, '2025-03-12', '12:22:00', 6, NULL, 0, NULL, NULL, '2025-03-12 12:22:00', '2025-03-12 12:22:00'),
(237, 12, 10, '2025-03-13', '20:51:00', 6, 'Regular cleaning completed as scheduled.', 1, 1, '2025-03-13 21:48:00', '2025-03-13 20:51:00', '2025-03-13 20:51:00'),
(238, 12, 10, '2025-03-14', '14:31:00', 4, NULL, 1, 4, '2025-03-14 14:58:00', '2025-03-14 14:31:00', '2025-03-14 14:31:00'),
(239, 12, 10, '2025-03-15', '14:52:00', 7, 'Regular cleaning completed as scheduled.', 0, NULL, NULL, '2025-03-15 14:52:00', '2025-03-15 14:52:00'),
(240, 12, 10, '2025-03-16', '11:34:00', 7, NULL, 1, 4, '2025-03-16 11:41:00', '2025-03-16 11:34:00', '2025-03-16 11:34:00'),
(241, 12, 10, '2025-03-17', '17:35:00', 7, NULL, 1, 4, '2025-03-17 18:05:00', '2025-03-17 17:35:00', '2025-03-17 17:35:00'),
(242, 12, 10, '2025-03-18', '08:48:00', 6, NULL, 1, 4, '2025-03-18 08:56:00', '2025-03-18 08:48:00', '2025-03-18 08:48:00'),
(243, 12, 10, '2025-03-19', '08:06:00', 7, NULL, 1, 4, '2025-03-19 08:45:00', '2025-03-19 08:06:00', '2025-03-19 08:06:00'),
(244, 12, 10, '2025-03-20', '11:50:00', 4, NULL, 1, 1, '2025-03-20 12:03:00', '2025-03-20 11:50:00', '2025-03-20 11:50:00'),
(245, 12, 10, '2025-03-21', '17:37:00', 6, 'Regular cleaning completed as scheduled.', 1, 4, '2025-03-21 18:02:00', '2025-03-21 17:37:00', '2025-03-21 17:37:00'),
(246, 12, 10, '2025-03-22', '10:47:00', 6, NULL, 1, 1, '2025-03-22 11:24:00', '2025-03-22 10:47:00', '2025-03-22 10:47:00'),
(247, 12, 10, '2025-03-23', '19:41:00', 4, NULL, 1, 4, '2025-03-23 20:08:00', '2025-03-23 19:41:00', '2025-03-23 19:41:00'),
(248, 12, 10, '2025-03-24', '20:19:00', 5, NULL, 1, 1, '2025-03-24 21:12:00', '2025-03-24 20:19:00', '2025-03-24 20:19:00'),
(249, 12, 10, '2025-03-25', '15:14:00', 7, 'Regular cleaning completed as scheduled.', 1, 4, '2025-03-25 15:27:00', '2025-03-25 15:14:00', '2025-03-25 15:14:00'),
(250, 12, 10, '2025-03-26', '18:04:00', 5, 'Regular cleaning completed as scheduled.', 0, NULL, NULL, '2025-03-26 18:04:00', '2025-03-26 18:04:00'),
(251, 12, 10, '2025-03-27', '18:33:00', 4, NULL, 1, 4, '2025-03-27 18:39:00', '2025-03-27 18:33:00', '2025-03-27 18:33:00'),
(252, 12, 10, '2025-03-28', '20:02:00', 5, 'Regular cleaning completed as scheduled.', 1, 4, '2025-03-28 20:34:00', '2025-03-28 20:02:00', '2025-03-28 20:02:00'),
(253, 12, 10, '2025-03-29', '17:04:00', 7, NULL, 1, 4, '2025-03-29 17:25:00', '2025-03-29 17:04:00', '2025-03-29 17:04:00'),
(254, 12, 10, '2025-03-30', '20:33:00', 5, 'Regular cleaning completed as scheduled.', 1, 4, '2025-03-30 21:19:00', '2025-03-30 20:33:00', '2025-03-30 20:33:00'),
(255, 12, 10, '2025-03-31', '20:27:00', 7, 'Regular cleaning completed as scheduled.', 0, NULL, NULL, '2025-03-31 20:27:00', '2025-03-31 20:27:00'),
(256, 12, 10, '2025-04-01', '20:08:00', 6, NULL, 0, NULL, NULL, '2025-04-01 20:08:00', '2025-04-01 20:08:00'),
(257, 12, 10, '2025-04-02', '09:59:00', 5, 'Regular cleaning completed as scheduled.', 0, NULL, NULL, '2025-04-02 09:59:00', '2025-04-02 09:59:00'),
(258, 12, 10, '2025-04-03', '11:33:00', 7, 'Regular cleaning completed as scheduled.', 1, 4, '2025-04-03 12:18:00', '2025-04-03 11:33:00', '2025-04-03 11:33:00'),
(259, 12, 10, '2025-04-04', '13:06:00', 4, NULL, 1, 4, '2025-04-04 13:42:00', '2025-04-04 13:06:00', '2025-04-04 13:06:00'),
(260, 12, 10, '2025-04-05', '10:47:00', 6, NULL, 1, 4, '2025-04-05 11:35:00', '2025-04-05 10:47:00', '2025-04-05 10:47:00'),
(261, 12, 10, '2025-04-06', '18:44:00', 5, NULL, 1, 4, '2025-04-06 19:12:00', '2025-04-06 18:44:00', '2025-04-06 18:44:00'),
(262, 12, 10, '2025-04-07', '14:27:00', 4, 'Regular cleaning completed as scheduled.', 1, 4, '2025-04-07 14:43:00', '2025-04-07 14:27:00', '2025-04-07 14:27:00'),
(263, 12, 10, '2025-04-08', '18:55:00', 7, NULL, 0, NULL, NULL, '2025-04-08 18:55:00', '2025-04-08 18:55:00'),
(264, 12, 10, '2025-04-09', '19:20:00', 5, NULL, 0, NULL, NULL, '2025-04-09 19:20:00', '2025-04-09 19:20:00'),
(265, 13, 10, '2025-03-10', '08:57:00', 6, NULL, 1, 4, '2025-03-10 09:31:00', '2025-03-10 08:57:00', '2025-03-10 08:57:00'),
(266, 13, 10, '2025-03-11', '11:52:00', 5, 'Regular cleaning completed as scheduled.', 1, 4, '2025-03-11 12:47:00', '2025-03-11 11:52:00', '2025-03-11 11:52:00'),
(267, 13, 10, '2025-03-12', '10:09:00', 6, NULL, 1, 4, '2025-03-12 10:28:00', '2025-03-12 10:09:00', '2025-03-12 10:09:00'),
(268, 13, 10, '2025-03-13', '08:50:00', 6, 'Regular cleaning completed as scheduled.', 1, 4, '2025-03-13 09:10:00', '2025-03-13 08:50:00', '2025-03-13 08:50:00'),
(269, 13, 10, '2025-03-14', '12:46:00', 5, NULL, 0, NULL, NULL, '2025-03-14 12:46:00', '2025-03-14 12:46:00'),
(270, 13, 10, '2025-03-15', '19:29:00', 4, NULL, 1, 1, '2025-03-15 20:05:00', '2025-03-15 19:29:00', '2025-03-15 19:29:00'),
(271, 13, 10, '2025-03-16', '16:52:00', 4, 'Regular cleaning completed as scheduled.', 1, 4, '2025-03-16 17:13:00', '2025-03-16 16:52:00', '2025-03-16 16:52:00'),
(272, 13, 10, '2025-03-17', '12:16:00', 6, 'Regular cleaning completed as scheduled.', 1, 4, '2025-03-17 12:39:00', '2025-03-17 12:16:00', '2025-03-17 12:16:00'),
(273, 13, 10, '2025-03-18', '11:48:00', 7, NULL, 1, 4, '2025-03-18 12:14:00', '2025-03-18 11:48:00', '2025-03-18 11:48:00'),
(274, 13, 10, '2025-03-19', '16:57:00', 5, 'Regular cleaning completed as scheduled.', 1, 4, '2025-03-19 17:49:00', '2025-03-19 16:57:00', '2025-03-19 16:57:00'),
(275, 13, 10, '2025-03-20', '08:33:00', 5, NULL, 1, 4, '2025-03-20 09:33:00', '2025-03-20 08:33:00', '2025-03-20 08:33:00'),
(276, 13, 10, '2025-03-21', '14:02:00', 6, 'Regular cleaning completed as scheduled.', 1, 4, '2025-03-21 14:22:00', '2025-03-21 14:02:00', '2025-03-21 14:02:00'),
(277, 13, 10, '2025-03-22', '14:40:00', 7, NULL, 1, 4, '2025-03-22 14:58:00', '2025-03-22 14:40:00', '2025-03-22 14:40:00'),
(278, 13, 10, '2025-03-23', '14:11:00', 5, NULL, 1, 4, '2025-03-23 14:21:00', '2025-03-23 14:11:00', '2025-03-23 14:11:00'),
(279, 13, 10, '2025-03-24', '15:12:00', 4, NULL, 1, 4, '2025-03-24 15:34:00', '2025-03-24 15:12:00', '2025-03-24 15:12:00'),
(280, 13, 10, '2025-03-25', '12:37:00', 6, NULL, 0, NULL, NULL, '2025-03-25 12:37:00', '2025-03-25 12:37:00'),
(281, 13, 10, '2025-03-26', '09:51:00', 7, NULL, 1, 4, '2025-03-26 10:46:00', '2025-03-26 09:51:00', '2025-03-26 09:51:00'),
(282, 13, 10, '2025-03-27', '16:20:00', 5, NULL, 1, 4, '2025-03-27 16:27:00', '2025-03-27 16:20:00', '2025-03-27 16:20:00'),
(283, 13, 10, '2025-03-28', '12:05:00', 7, NULL, 1, 4, '2025-03-28 12:26:00', '2025-03-28 12:05:00', '2025-03-28 12:05:00'),
(284, 13, 10, '2025-03-29', '15:52:00', 5, NULL, 1, 4, '2025-03-29 16:43:00', '2025-03-29 15:52:00', '2025-03-29 15:52:00'),
(285, 13, 10, '2025-03-30', '10:47:00', 5, NULL, 1, 4, '2025-03-30 11:47:00', '2025-03-30 10:47:00', '2025-03-30 10:47:00'),
(286, 13, 10, '2025-03-31', '19:05:00', 7, 'Regular cleaning completed as scheduled.', 0, NULL, NULL, '2025-03-31 19:05:00', '2025-03-31 19:05:00'),
(287, 13, 10, '2025-04-01', '11:47:00', 5, 'Regular cleaning completed as scheduled.', 1, 4, '2025-04-01 12:45:00', '2025-04-01 11:47:00', '2025-04-01 11:47:00'),
(288, 13, 10, '2025-04-02', '11:52:00', 4, NULL, 1, 4, '2025-04-02 12:06:00', '2025-04-02 11:52:00', '2025-04-02 11:52:00'),
(289, 13, 10, '2025-04-03', '10:42:00', 4, NULL, 1, 4, '2025-04-03 11:27:00', '2025-04-03 10:42:00', '2025-04-03 10:42:00'),
(290, 13, 10, '2025-04-04', '15:13:00', 6, 'Regular cleaning completed as scheduled.', 0, NULL, NULL, '2025-04-04 15:13:00', '2025-04-04 15:13:00'),
(291, 13, 10, '2025-04-05', '08:52:00', 4, NULL, 1, 1, '2025-04-05 09:06:00', '2025-04-05 08:52:00', '2025-04-05 08:52:00'),
(292, 13, 10, '2025-04-06', '20:38:00', 4, NULL, 1, 1, '2025-04-06 21:21:00', '2025-04-06 20:38:00', '2025-04-06 20:38:00'),
(293, 13, 10, '2025-04-07', '13:13:00', 7, NULL, 1, 1, '2025-04-07 13:32:00', '2025-04-07 13:13:00', '2025-04-07 13:13:00'),
(294, 13, 10, '2025-04-08', '16:41:00', 7, NULL, 1, 4, '2025-04-08 17:33:00', '2025-04-08 16:41:00', '2025-04-08 16:41:00'),
(295, 13, 10, '2025-04-09', '16:21:00', 4, NULL, 1, 4, '2025-04-09 16:48:00', '2025-04-09 16:21:00', '2025-04-09 16:21:00'),
(296, 14, 7, '2025-03-12', '12:36:00', 5, 'Regular cleaning completed as scheduled.', 1, 4, '2025-03-12 13:06:00', '2025-03-12 12:36:00', '2025-03-12 12:36:00'),
(297, 14, 7, '2025-03-19', '13:46:00', 6, NULL, 1, 4, '2025-03-19 14:22:00', '2025-03-19 13:46:00', '2025-03-19 13:46:00'),
(298, 14, 7, '2025-03-26', '11:37:00', 7, NULL, 0, NULL, NULL, '2025-03-26 11:37:00', '2025-03-26 11:37:00'),
(299, 14, 7, '2025-04-02', '09:04:00', 7, NULL, 1, 4, '2025-04-02 09:05:00', '2025-04-02 09:04:00', '2025-04-02 09:04:00'),
(300, 14, 7, '2025-04-09', '10:46:00', 4, NULL, 1, 4, '2025-04-09 11:07:00', '2025-04-09 10:46:00', '2025-04-09 10:46:00'),
(301, 15, 2, '2025-03-10', '13:12:00', 5, 'Regular cleaning completed as scheduled.', 1, 4, '2025-03-10 13:29:00', '2025-03-10 13:12:00', '2025-03-10 13:12:00'),
(302, 15, 2, '2025-03-11', '10:31:00', 6, NULL, 1, 4, '2025-03-11 10:41:00', '2025-03-11 10:31:00', '2025-03-11 10:31:00'),
(303, 15, 2, '2025-03-12', '13:46:00', 5, 'Regular cleaning completed as scheduled.', 1, 4, '2025-03-12 14:03:00', '2025-03-12 13:46:00', '2025-03-12 13:46:00'),
(304, 15, 2, '2025-03-13', '11:11:00', 5, NULL, 0, NULL, NULL, '2025-03-13 11:11:00', '2025-03-13 11:11:00'),
(305, 15, 2, '2025-03-14', '12:29:00', 7, NULL, 1, 4, '2025-03-14 12:42:00', '2025-03-14 12:29:00', '2025-03-14 12:29:00'),
(306, 15, 2, '2025-03-15', '20:42:00', 4, NULL, 0, NULL, NULL, '2025-03-15 20:42:00', '2025-03-15 20:42:00'),
(307, 15, 2, '2025-03-16', '08:46:00', 4, 'Regular cleaning completed as scheduled.', 1, 4, '2025-03-16 09:41:00', '2025-03-16 08:46:00', '2025-03-16 08:46:00'),
(308, 15, 2, '2025-03-17', '18:15:00', 7, 'Regular cleaning completed as scheduled.', 1, 4, '2025-03-17 19:06:00', '2025-03-17 18:15:00', '2025-03-17 18:15:00'),
(309, 15, 2, '2025-03-18', '13:26:00', 5, NULL, 1, 4, '2025-03-18 14:13:00', '2025-03-18 13:26:00', '2025-03-18 13:26:00'),
(310, 15, 2, '2025-03-19', '13:24:00', 6, 'Regular cleaning completed as scheduled.', 1, 4, '2025-03-19 14:14:00', '2025-03-19 13:24:00', '2025-03-19 13:24:00'),
(311, 15, 2, '2025-03-20', '10:35:00', 7, NULL, 0, NULL, NULL, '2025-03-20 10:35:00', '2025-03-20 10:35:00'),
(312, 15, 2, '2025-03-21', '18:59:00', 7, NULL, 1, 1, '2025-03-21 19:16:00', '2025-03-21 18:59:00', '2025-03-21 18:59:00'),
(313, 15, 2, '2025-03-22', '11:28:00', 4, NULL, 0, NULL, NULL, '2025-03-22 11:28:00', '2025-03-22 11:28:00'),
(314, 15, 2, '2025-03-23', '09:24:00', 5, NULL, 1, 4, '2025-03-23 09:30:00', '2025-03-23 09:24:00', '2025-03-23 09:24:00'),
(315, 15, 2, '2025-03-24', '15:42:00', 7, NULL, 1, 4, '2025-03-24 16:32:00', '2025-03-24 15:42:00', '2025-03-24 15:42:00'),
(316, 15, 2, '2025-03-25', '14:36:00', 7, NULL, 1, 1, '2025-03-25 14:56:00', '2025-03-25 14:36:00', '2025-03-25 14:36:00'),
(317, 15, 2, '2025-03-26', '19:38:00', 7, NULL, 1, 4, '2025-03-26 20:17:00', '2025-03-26 19:38:00', '2025-03-26 19:38:00'),
(318, 15, 2, '2025-03-27', '10:31:00', 5, NULL, 1, 4, '2025-03-27 10:57:00', '2025-03-27 10:31:00', '2025-03-27 10:31:00'),
(319, 15, 2, '2025-03-28', '10:40:00', 7, 'Regular cleaning completed as scheduled.', 1, 4, '2025-03-28 11:30:00', '2025-03-28 10:40:00', '2025-03-28 10:40:00'),
(320, 15, 2, '2025-03-29', '12:46:00', 5, NULL, 1, 4, '2025-03-29 13:19:00', '2025-03-29 12:46:00', '2025-03-29 12:46:00'),
(321, 15, 2, '2025-03-30', '11:27:00', 5, NULL, 1, 4, '2025-03-30 12:18:00', '2025-03-30 11:27:00', '2025-03-30 11:27:00'),
(322, 15, 2, '2025-03-31', '10:24:00', 6, NULL, 1, 4, '2025-03-31 10:25:00', '2025-03-31 10:24:00', '2025-03-31 10:24:00'),
(323, 15, 2, '2025-04-01', '10:42:00', 6, NULL, 1, 4, '2025-04-01 11:11:00', '2025-04-01 10:42:00', '2025-04-01 10:42:00'),
(324, 15, 2, '2025-04-02', '15:39:00', 4, NULL, 1, 4, '2025-04-02 16:00:00', '2025-04-02 15:39:00', '2025-04-02 15:39:00'),
(325, 15, 2, '2025-04-03', '15:19:00', 7, 'Regular cleaning completed as scheduled.', 1, 4, '2025-04-03 15:34:00', '2025-04-03 15:19:00', '2025-04-03 15:19:00'),
(326, 15, 2, '2025-04-04', '19:09:00', 4, NULL, 1, 4, '2025-04-04 19:35:00', '2025-04-04 19:09:00', '2025-04-04 19:09:00'),
(327, 15, 2, '2025-04-05', '09:48:00', 7, 'Regular cleaning completed as scheduled.', 1, 4, '2025-04-05 10:05:00', '2025-04-05 09:48:00', '2025-04-05 09:48:00'),
(328, 15, 2, '2025-04-06', '18:56:00', 6, 'Regular cleaning completed as scheduled.', 0, NULL, NULL, '2025-04-06 18:56:00', '2025-04-06 18:56:00'),
(329, 15, 2, '2025-04-07', '17:00:00', 6, NULL, 1, 4, '2025-04-07 17:20:00', '2025-04-07 17:00:00', '2025-04-07 17:00:00'),
(330, 15, 2, '2025-04-08', '20:52:00', 4, NULL, 1, 1, '2025-04-08 20:55:00', '2025-04-08 20:52:00', '2025-04-08 20:52:00'),
(331, 15, 2, '2025-04-09', '08:29:00', 7, NULL, 1, 4, '2025-04-09 09:10:00', '2025-04-09 08:29:00', '2025-04-09 08:29:00'),
(332, 1, 3, '2025-04-09', '23:59:20', 1, '', 1, NULL, NULL, '0000-00-00 00:00:00', NULL),
(333, 10, 3, '2025-04-09', '23:59:20', 1, 'New sanitizer needed', 1, NULL, NULL, '0000-00-00 00:00:00', NULL),
(334, 2, 3, '2025-04-09', '23:59:20', 1, '', 1, NULL, NULL, '0000-00-00 00:00:00', NULL),
(335, 12, 3, '2025-04-09', '23:59:20', 1, '', 1, NULL, NULL, '0000-00-00 00:00:00', NULL),
(336, 11, 3, '2025-04-09', '23:59:20', 1, '', 1, NULL, NULL, '0000-00-00 00:00:00', NULL),
(337, 3, 3, '2025-04-09', '23:59:20', 1, '', 1, NULL, NULL, '0000-00-00 00:00:00', NULL),
(338, 13, 3, '2025-04-09', '23:59:20', 1, '', 1, NULL, NULL, '0000-00-00 00:00:00', NULL),
(339, 4, 8, '2025-04-10', '00:03:20', 1, 'Nice', 1, NULL, NULL, '0000-00-00 00:00:00', NULL),
(340, 1, 8, '2025-04-10', '00:03:20', 1, 'all done', 1, NULL, NULL, '0000-00-00 00:00:00', NULL),
(341, 3, 8, '2025-04-10', '00:03:20', 1, 'well done ', 1, NULL, NULL, '0000-00-00 00:00:00', NULL),
(342, 14, 8, '2025-04-10', '00:03:20', 1, '', 1, NULL, NULL, '0000-00-00 00:00:00', NULL),
(343, 1, 8, '0000-00-00', '20:48:38', 1, '', 1, NULL, NULL, '0000-00-00 00:00:00', NULL),
(344, 10, 8, '0000-00-00', '20:48:38', 1, '', 1, NULL, NULL, '0000-00-00 00:00:00', NULL),
(345, 2, 8, '0000-00-00', '20:48:38', 1, '', 1, NULL, NULL, '0000-00-00 00:00:00', NULL),
(346, 3, 8, '0000-00-00', '20:48:38', 1, '', 1, NULL, NULL, '0000-00-00 00:00:00', NULL),
(347, 6, 8, '0000-00-00', '20:48:38', 1, '', 1, NULL, NULL, '0000-00-00 00:00:00', NULL),
(348, 8, 8, '0000-00-00', '20:48:38', 1, '', 1, NULL, NULL, '0000-00-00 00:00:00', NULL);

-- --------------------------------------------------------

--
-- Table structure for table `cleaning_task`
--

CREATE TABLE `cleaning_task` (
  `task_id` int(11) NOT NULL,
  `location_id` int(11) NOT NULL,
  `description` varchar(255) NOT NULL,
  `frequency` varchar(50) NOT NULL,
  `instructions` text DEFAULT NULL,
  `is_active` tinyint(1) NOT NULL DEFAULT 1,
  `created_at` datetime NOT NULL,
  `updated_at` datetime DEFAULT NULL
) ENGINE=InnoDB DEFAULT CHARSET=utf8mb4 COLLATE=utf8mb4_general_ci;

--
-- Dumping data for table `cleaning_task`
--

INSERT INTO `cleaning_task` (`task_id`, `location_id`, `description`, `frequency`, `instructions`, `is_active`, `created_at`, `updated_at`) VALUES
(1, 1, 'Clean and sanitize all food preparation surfaces', 'Daily', 'Use approved sanitizer solution. Ensure surfaces are clean and free of food debris.', 1, '2025-04-09 03:00:30', '2025-04-09 03:00:30'),
(2, 1, 'Clean and sanitize equipment (slicers, mixers, etc.)', 'Daily', 'Disassemble equipment as needed. Clean all food contact surfaces with approved cleaner.', 1, '2025-04-09 03:00:30', '2025-04-09 03:00:30'),
(3, 1, 'Clean floors and drains', 'Daily', 'Sweep and mop floors with approved floor cleaner. Clean drain covers and ensure drains are flowing properly.', 1, '2025-04-09 03:00:30', '2025-04-09 03:00:30'),
(4, 3, 'Clean and degrease stovetops and grills', 'Daily', 'Use degreaser for heavy buildup. Scrape grill surface with grill brick when cool.', 1, '2025-04-09 03:00:30', '2025-04-09 03:00:30'),
(5, 3, 'Clean oven interiors', 'Weekly', 'Use approved oven cleaner. Ensure oven is cool before cleaning.', 1, '2025-04-09 03:00:30', '2025-04-09 03:00:30'),
(6, 3, 'Clean hood filters', 'Weekly', 'Remove filters and wash in dishwasher or soak in degreaser solution.', 1, '2025-04-09 03:00:30', '2025-04-09 03:00:30'),
(7, 4, 'Clean and sanitize dishwashing machine', 'Daily', 'Remove food debris from screens and filters. Run cleaning cycle if available.', 1, '2025-04-09 03:00:30', '2025-04-09 03:00:30'),
(8, 5, 'Clean refrigerator shelves and floors', 'Weekly', 'Remove items from shelves as needed. Clean spills immediately.', 1, '2025-04-09 03:00:30', '2025-04-09 03:00:30'),
(9, 6, 'Clean freezer shelves and floors', 'Monthly', 'Remove items from shelves as needed. Clean spills immediately.', 1, '2025-04-09 03:00:30', '2025-04-09 03:00:30'),
(10, 8, 'Clean and sanitize bar surfaces', 'Daily', 'Use approved sanitizer solution. Pay special attention to high-touch areas.', 1, '2025-04-09 03:00:30', '2025-04-09 03:00:30'),
(11, 9, 'Clean and sanitize tables and chairs', 'Daily', 'Use approved sanitizer solution. Ensure all surfaces are clean and dry.', 1, '2025-04-09 03:00:30', '2025-04-09 03:00:30'),
(12, 10, 'Clean and sanitize restrooms', 'Daily', 'Use approved bathroom cleaner. Pay special attention to high-touch surfaces.', 1, '2025-04-09 03:00:30', '2025-04-09 03:00:30'),
(13, 10, 'Restock restroom supplies', 'Daily', 'Check and restock toilet paper, paper towels, soap, etc.', 1, '2025-04-09 03:00:30', '2025-04-09 03:00:30'),
(14, 7, 'Clean and organize shelves', 'Weekly', 'Remove items, clean shelves, and reorganize. Check for expired items.', 1, '2025-04-09 03:00:30', '2025-04-09 03:00:30'),
(15, 2, 'Clean and sanitize cutting boards', 'Daily', 'Scrub with hot soapy water, rinse, then sanitize. Allow to air dry.', 1, '2025-04-09 03:00:30', '2025-04-09 03:00:30');

-- --------------------------------------------------------

--
-- Table structure for table `equipment`
--

CREATE TABLE `equipment` (
  `equipment_id` int(11) NOT NULL,
  `name` varchar(100) NOT NULL,
  `location` varchar(100) NOT NULL,
  `content` varchar(255) DEFAULT NULL COMMENT 'Typical content stored in the equipment',
  `quantity_in_stock` int(11) DEFAULT NULL COMMENT 'Current quantity of items in stock',
  `min_stock_quantity` int(11) DEFAULT NULL COMMENT 'Minimum desired stock quantity',
  `min_temp` decimal(5,1) NOT NULL,
  `max_temp` decimal(5,1) NOT NULL,
  `check_frequency` varchar(50) NOT NULL,
  `is_active` tinyint(1) NOT NULL DEFAULT 1,
  `created_at` datetime NOT NULL,
  `updated_at` datetime DEFAULT NULL
) ENGINE=InnoDB DEFAULT CHARSET=utf8mb4 COLLATE=utf8mb4_general_ci;

--
-- Dumping data for table `equipment`
--

INSERT INTO `equipment` (`equipment_id`, `name`, `location`, `content`, `quantity_in_stock`, `min_stock_quantity`, `min_temp`, `max_temp`, `check_frequency`, `is_active`, `created_at`, `updated_at`) VALUES
(2, 'Walk-in Freezer', 'Main Kitchen', NULL, NULL, NULL, -23.0, -18.0, 'Daily', 1, '2025-04-09 03:00:30', '2025-04-09 03:00:30'),
(3, 'Prep Table Refrigerator', 'Prep Area', NULL, NULL, NULL, 1.0, 4.0, 'Twice Daily', 1, '2025-04-09 03:00:30', '2025-04-09 03:00:30'),
(4, 'Bar Refrigerator', 'Bar Area', NULL, NULL, NULL, 1.0, 4.0, 'Daily', 1, '2025-04-09 03:00:30', '2025-04-09 03:00:30'),
(5, 'Dessert Display Case', 'Front Counter', NULL, NULL, NULL, 2.0, 5.0, 'Daily', 1, '2025-04-09 03:00:30', '2025-04-09 03:00:30'),
(6, 'Hot Holding Cabinet', 'Service Area', NULL, NULL, NULL, 63.0, 85.0, 'Every Shift', 1, '2025-04-09 03:00:30', '2025-04-09 03:00:30'),
(7, 'Soup Warmer', 'Service Area', NULL, NULL, NULL, 60.0, 80.0, 'Every Shift', 1, '2025-04-09 03:00:30', '2025-04-09 03:00:30'),
(8, 'Ice Machine', 'Bar Area', NULL, NULL, NULL, -5.0, 0.0, 'Weekly', 1, '2025-04-09 03:00:30', '2025-04-09 03:00:30'),
(9, 'Kitchen Main Fridge', 'Kitchen', NULL, NULL, NULL, -10.0, 20.0, 'Daily', 1, '2025-04-10 01:03:05', '2025-04-10 01:06:52');

-- --------------------------------------------------------

--
-- Table structure for table `food_waste_log`
--

CREATE TABLE `food_waste_log` (
  `waste_id` int(11) NOT NULL,
  `food_item` varchar(100) NOT NULL,
  `waste_type` varchar(50) NOT NULL,
  `reason` varchar(100) NOT NULL,
  `weight_kg` decimal(8,2) NOT NULL,
  `cost` decimal(10,2) NOT NULL,
  `waste_date` date NOT NULL,
  `action_taken` text DEFAULT NULL,
  `notes` text DEFAULT NULL,
  `recorded_by_user_id` int(11) NOT NULL,
  `created_at` datetime NOT NULL,
  `updated_at` datetime DEFAULT NULL
) ENGINE=InnoDB DEFAULT CHARSET=utf8mb4 COLLATE=utf8mb4_general_ci;

--
-- Dumping data for table `food_waste_log`
--

INSERT INTO `food_waste_log` (`waste_id`, `food_item`, `waste_type`, `reason`, `weight_kg`, `cost`, `waste_date`, `action_taken`, `notes`, `recorded_by_user_id`, `created_at`, `updated_at`) VALUES
(1, 'Bread', 'Grain', 'Equipment Failure', 3.30, 3.30, '2025-03-17', NULL, NULL, 4, '2025-03-17 12:02:00', '2025-03-17 12:02:00'),
(2, 'Bread', 'Grain', 'Spoiled', 0.80, 0.80, '2025-03-12', 'Adjusted production schedule', NULL, 6, '2025-03-12 12:50:00', '2025-03-12 12:50:00'),
(3, 'Desserts', 'Prepared Food', 'Quality Control', 4.00, 12.00, '2025-03-19', NULL, 'Customer complained about quality.', 7, '2025-03-19 11:29:00', '2025-03-19 11:29:00'),
(4, 'Salmon Fillet', 'Protein', 'Quality Control', 4.50, 20.25, '2025-04-09', 'Implemented new storage procedure', 'Customer complained about quality.', 5, '2025-04-09 14:10:00', '2025-04-09 14:10:00'),
(5, 'Desserts', 'Prepared Food', 'Spoiled', 0.40, 1.20, '2025-04-09', 'Donated to staff', NULL, 7, '2025-04-09 09:03:00', '2025-04-09 09:03:00'),
(6, 'Pasta', 'Dry Goods', 'Equipment Failure', 2.30, 1.61, '2025-03-12', 'Donated to staff', 'Part of weekly waste reduction effort.', 6, '2025-03-12 12:36:00', '2025-03-12 12:36:00'),
(7, 'Eggs', 'Dairy', 'Overproduction', 1.90, 2.85, '2025-04-03', NULL, NULL, 7, '2025-04-03 20:47:00', '2025-04-03 20:47:00'),
(8, 'Bread', 'Bakery', 'Customer Return', 0.10, 0.10, '2025-04-03', 'Implemented new storage procedure', NULL, 7, '2025-04-03 11:31:00', '2025-04-03 11:31:00'),
(9, 'Desserts', 'Bakery', 'Preparation Error', 4.20, 12.60, '2025-04-01', NULL, 'Discovered during cleaning of refrigerator.', 6, '2025-04-01 16:39:00', '2025-04-01 16:39:00'),
(10, 'Eggs', 'Protein', 'Overproduction', 4.60, 6.90, '2025-03-20', 'Discarded in food waste bin', NULL, 5, '2025-03-20 09:36:00', '2025-03-20 09:36:00'),
(11, 'Potatoes', 'Vegetable', 'Power Outage', 5.00, 4.50, '2025-03-17', NULL, 'Part of weekly waste reduction effort.', 5, '2025-03-17 22:43:00', '2025-03-17 22:43:00'),
(12, 'Ground Beef', 'Meat', 'Expired', 4.20, 12.60, '2025-03-15', 'Reviewed inventory management', NULL, 5, '2025-03-15 15:53:00', '2025-03-15 15:53:00'),
(13, 'Bread', 'Grain', 'Dropped/Spilled', 1.80, 1.80, '2025-03-12', 'Adjusted production schedule', NULL, 4, '2025-03-12 14:37:00', '2025-03-12 14:37:00'),
(14, 'Sauces', 'Condiment', 'Overproduction', 2.30, 2.76, '2025-03-13', 'Donated to staff', NULL, 4, '2025-03-13 18:12:00', '2025-03-13 18:12:00'),
(15, 'Pasta', 'Grain', 'Customer Return', 3.10, 2.17, '2025-03-12', 'Retrained staff on proper handling', NULL, 7, '2025-03-12 08:11:00', '2025-03-12 08:11:00'),
(16, 'Salad Mix', 'Prepared Food', 'Overproduction', 3.10, 7.75, '2025-03-31', 'Retrained staff on proper handling', NULL, 6, '2025-03-31 20:53:00', '2025-03-31 20:53:00'),
(17, 'Milk', 'Dairy', 'Quality Control', 1.10, 1.98, '2025-03-20', 'Used for staff meal', 'Customer complained about quality.', 4, '2025-03-20 15:05:00', '2025-03-20 15:05:00'),
(18, 'Rice', 'Grain', 'Spoiled', 4.90, 2.94, '2025-03-29', 'Retrained staff on proper handling', NULL, 6, '2025-03-29 15:25:00', '2025-03-29 15:25:00'),
(19, 'Soup', 'Prepared Food', 'Quality Control', 0.20, 0.40, '2025-03-20', NULL, NULL, 4, '2025-03-20 10:20:00', '2025-03-20 10:20:00'),
(20, 'Bread', 'Bakery', 'Overproduction', 4.20, 4.20, '2025-03-25', 'Donated to staff', 'Customer complained about quality.', 4, '2025-03-25 11:40:00', '2025-03-25 11:40:00'),
(21, 'Desserts', 'Bakery', 'Quality Control', 2.50, 7.50, '2025-03-18', 'Reviewed inventory management', NULL, 5, '2025-03-18 20:45:00', '2025-03-18 20:45:00'),
(22, 'Bell Peppers', 'Produce', 'Spoiled', 2.30, 2.99, '2025-03-26', 'Discarded in food waste bin', 'Identified during quality control check.', 7, '2025-03-26 10:34:00', '2025-03-26 10:34:00'),
(23, 'Soup', 'Prepared Food', 'Equipment Failure', 1.40, 2.80, '2025-03-28', 'Retrained staff on proper handling', 'Part of weekly waste reduction effort.', 6, '2025-03-28 16:33:00', '2025-03-28 16:33:00'),
(24, 'Chicken Breast', 'Meat', 'Dropped/Spilled', 2.60, 6.50, '2025-04-06', 'Retrained staff on proper handling', 'Identified during quality control check.', 4, '2025-04-06 09:13:00', '2025-04-06 09:13:00'),
(25, 'Bread', 'Grain', 'Power Outage', 4.00, 4.00, '2025-03-27', 'Composted', 'Found during inventory check.', 7, '2025-03-27 08:46:00', '2025-03-27 08:46:00'),
(26, 'Sauces', 'Condiment', 'Overproduction', 3.50, 4.20, '2025-03-28', NULL, NULL, 4, '2025-03-28 21:48:00', '2025-03-28 21:48:00'),
(27, 'Rice', 'Dry Goods', 'Spoiled', 2.40, 1.44, '2025-04-01', 'Composted', 'Identified during quality control check.', 7, '2025-04-01 22:45:00', '2025-04-01 22:45:00'),
(28, 'Lettuce', 'Produce', 'Preparation Error', 2.80, 3.36, '2025-03-14', 'Composted', NULL, 5, '2025-03-14 20:17:00', '2025-03-14 20:17:00'),
(29, 'Potatoes', 'Vegetable', 'Dropped/Spilled', 1.30, 1.17, '2025-03-23', 'Composted', 'Part of weekly waste reduction effort.', 4, '2025-03-23 17:44:00', '2025-03-23 17:44:00'),
(30, 'Cooked Vegetables', 'Prepared Food', 'Quality Control', 4.90, 7.35, '2025-03-29', 'Recorded and discarded', NULL, 7, '2025-03-29 19:36:00', '2025-03-29 19:36:00'),
(31, 'Milk', 'Dairy', 'Equipment Failure', 4.40, 7.92, '2025-04-04', NULL, NULL, 4, '2025-04-04 12:16:00', '2025-04-04 12:16:00'),
(32, 'Desserts', 'Prepared Food', 'Overproduction', 2.70, 8.10, '2025-04-01', 'Adjusted production schedule', NULL, 4, '2025-04-01 19:09:00', '2025-04-01 19:09:00'),
(33, 'Ground Beef', 'Protein', 'Power Outage', 1.30, 3.90, '2025-03-27', NULL, NULL, 4, '2025-03-27 19:16:00', '2025-03-27 19:16:00'),
(34, 'Fruit', 'Produce', 'Dropped/Spilled', 4.10, 6.97, '2025-04-01', 'Used for staff meal', NULL, 4, '2025-04-01 10:54:00', '2025-04-01 10:54:00'),
(35, 'Sauces', 'Prepared Food', 'Overproduction', 4.30, 5.16, '2025-03-13', NULL, NULL, 5, '2025-03-13 22:49:00', '2025-03-13 22:49:00'),
(36, 'Milk', 'Dairy', 'Spoiled', 3.80, 6.84, '2025-03-31', NULL, NULL, 6, '2025-03-31 21:44:00', '2025-03-31 21:44:00'),
(37, 'Bell Peppers', 'Vegetable', 'Contamination', 0.10, 0.13, '2025-03-19', 'Donated to staff', NULL, 6, '2025-03-19 11:46:00', '2025-03-19 11:46:00'),
(38, 'Desserts', 'Prepared Food', 'Customer Return', 1.40, 4.20, '2025-03-10', 'Retrained staff on proper handling', NULL, 5, '2025-03-10 15:09:00', '2025-03-10 15:09:00'),
(39, 'Fruit', 'Produce', 'Expired', 1.80, 3.06, '2025-03-27', NULL, NULL, 5, '2025-03-27 10:54:00', '2025-03-27 10:54:00'),
(40, 'Bell Peppers', 'Vegetable', 'Customer Return', 4.30, 5.59, '2025-04-01', NULL, 'Identified during quality control check.', 7, '2025-04-01 08:44:00', '2025-04-01 08:44:00'),
(41, 'Salad Mix', 'Produce', 'Expired', 0.60, 1.50, '2025-03-30', 'Reviewed inventory management', NULL, 4, '2025-03-30 09:07:00', '2025-03-30 09:07:00'),
(42, 'Salad Mix', 'Prepared Food', 'Customer Return', 5.00, 12.50, '2025-03-10', 'Implemented new storage procedure', NULL, 4, '2025-03-10 14:52:00', '2025-03-10 14:52:00'),
(43, 'Rice', 'Grain', 'Overproduction', 2.00, 1.20, '2025-03-30', 'Reviewed inventory management', NULL, 6, '2025-03-30 10:35:00', '2025-03-30 10:35:00'),
(44, 'Ground Beef', 'Protein', 'Power Outage', 1.50, 4.50, '2025-03-19', 'Donated to staff', 'Customer complained about quality.', 5, '2025-03-19 08:35:00', '2025-03-19 08:35:00'),
(45, 'Sauces', 'Prepared Food', 'Equipment Failure', 0.20, 0.24, '2025-03-27', 'Used for staff meal', 'Customer complained about quality.', 4, '2025-03-27 21:21:00', '2025-03-27 21:21:00'),
(46, 'Pasta', 'Dry Goods', 'Expired', 1.20, 0.84, '2025-03-11', 'Used for staff meal', 'Identified during quality control check.', 5, '2025-03-11 13:06:00', '2025-03-11 13:06:00'),
(47, 'Ground Beef', 'Meat', 'Equipment Failure', 3.60, 10.80, '2025-04-07', NULL, NULL, 5, '2025-04-07 15:07:00', '2025-04-07 15:07:00'),
(48, 'Onions', 'Produce', 'Expired', 3.00, 2.40, '2025-03-11', 'Retrained staff on proper handling', NULL, 7, '2025-03-11 21:40:00', '2025-03-11 21:40:00'),
(49, 'Lettuce', 'Vegetable', 'Spoiled', 0.60, 0.72, '2025-03-27', NULL, NULL, 6, '2025-03-27 21:53:00', '2025-03-27 21:53:00'),
(50, 'Milk', 'Dairy', 'Equipment Failure', 2.10, 3.78, '2025-03-24', 'Retrained staff on proper handling', NULL, 4, '2025-03-24 17:31:00', '2025-03-24 17:31:00'),
(51, 'Bread', 'Bakery', 'Equipment Failure', 2.10, 2.10, '2025-04-09', NULL, NULL, 4, '2025-04-09 20:07:00', '2025-04-09 20:07:00'),
(52, 'Sauces', 'Condiment', 'Dropped/Spilled', 2.70, 3.24, '2025-04-02', 'Adjusted production schedule', NULL, 5, '2025-04-02 17:56:00', '2025-04-02 17:56:00'),
(53, 'Tomatoes', 'Vegetable', 'Spoiled', 3.10, 4.65, '2025-03-31', NULL, NULL, 4, '2025-03-31 15:07:00', '2025-03-31 15:07:00'),
(54, 'Bell Peppers', 'Produce', 'Power Outage', 3.00, 3.90, '2025-03-16', 'Used for staff meal', NULL, 4, '2025-03-16 15:20:00', '2025-03-16 15:20:00'),
(55, 'Fruit', 'Produce', 'Expired', 2.70, 4.59, '2025-04-05', 'Donated to staff', NULL, 5, '2025-04-05 08:46:00', '2025-04-05 08:46:00'),
(56, 'Tomatoes', 'Produce', 'Equipment Failure', 0.70, 1.05, '2025-03-11', 'Reviewed inventory management', NULL, 6, '2025-03-11 22:51:00', '2025-03-11 22:51:00'),
(57, 'Pasta', 'Grain', 'Expired', 4.60, 3.22, '2025-03-31', 'Discarded in food waste bin', NULL, 4, '2025-03-31 21:40:00', '2025-03-31 21:40:00');

-- --------------------------------------------------------

--
-- Table structure for table `settings`
--

CREATE TABLE `settings` (
  `setting_id` int(11) NOT NULL,
  `setting_key` varchar(50) NOT NULL,
  `setting_value` text DEFAULT NULL,
  `created_at` datetime NOT NULL,
  `updated_at` datetime DEFAULT NULL
) ENGINE=InnoDB DEFAULT CHARSET=utf8mb4 COLLATE=utf8mb4_general_ci;

--
-- Dumping data for table `settings`
--

INSERT INTO `settings` (`setting_id`, `setting_key`, `setting_value`, `created_at`, `updated_at`) VALUES
(1, 'company_name', 'Geez Restaurant', '2025-04-09 02:58:10', NULL),
(2, 'company_address', '123 Main Street, Anytown, USA 12345', '2025-04-09 02:58:10', NULL),
(3, 'date_format', 'Y-m-d', '2025-04-09 02:58:10', NULL),
(4, 'time_format', 'H:i', '2025-04-09 02:58:10', NULL),
(5, 'temperature_unit', 'C', '2025-04-09 02:58:10', NULL),
(6, 'weight_unit', 'kg', '2025-04-09 02:58:10', NULL),
(7, 'currency_symbol', '$', '2025-04-09 02:58:10', NULL),
(8, 'items_per_page', '20', '2025-04-09 02:58:10', NULL),
(9, 'installation_date', '2025-04-09', '2025-04-09 02:58:10', NULL),
(10, 'company_phone', '(555) 123-4567', '2025-04-09 03:00:31', '2025-04-09 03:00:31'),
(11, 'company_email', 'info@geezrestaurant.com', '2025-04-09 03:00:31', '2025-04-09 03:00:31'),
(12, 'enable_notifications', '0', '2025-04-09 03:00:31', '2025-04-09 03:00:31'),
(13, 'maintenance_mode', '0', '2025-04-09 03:00:31', '2025-04-09 03:00:31'),
(14, 'sample_data_installed', '1', '2025-04-09 03:00:31', '2025-04-09 03:00:31');

-- --------------------------------------------------------

--
-- Table structure for table `system_settings`
--

CREATE TABLE `system_settings` (
  `setting_id` int(11) NOT NULL,
  `setting_key` varchar(50) NOT NULL,
  `setting_value` text DEFAULT NULL,
  `created_at` timestamp NOT NULL DEFAULT current_timestamp(),
  `updated_at` timestamp NOT NULL DEFAULT current_timestamp() ON UPDATE current_timestamp()
) ENGINE=InnoDB DEFAULT CHARSET=utf8mb4 COLLATE=utf8mb4_general_ci;

--
-- Dumping data for table `system_settings`
--

INSERT INTO `system_settings` (`setting_id`, `setting_key`, `setting_value`, `created_at`, `updated_at`) VALUES
(1, 'site_name', 'Geez Restaurant Food Hygiene & Safety Management System', '2025-04-09 02:58:24', '2025-04-09 02:58:24'),
(2, 'company_name', 'Geez Restaurant', '2025-04-09 02:58:24', '2025-04-09 02:58:24'),
(3, 'temperature_unit', 'C', '2025-04-09 02:58:24', '2025-04-09 02:58:24'),
(4, 'date_format', 'd/m/Y', '2025-04-09 02:58:24', '2025-04-09 02:58:24'),
(5, 'time_format', 'H:i', '2025-04-09 02:58:24', '2025-04-09 02:58:24'),
(6, 'items_per_page', '20', '2025-04-09 02:58:24', '2025-04-09 02:58:24'),
(7, 'enable_email_notifications', '0', '2025-04-09 02:58:24', '2025-04-09 02:58:24');

-- --------------------------------------------------------

--
-- Table structure for table `temperature_checks`
--

CREATE TABLE `temperature_checks` (
  `check_id` int(11) NOT NULL,
  `equipment_id` int(11) NOT NULL,
  `temperature` decimal(5,1) NOT NULL,
  `is_compliant` tinyint(1) NOT NULL,
  `corrective_action` text DEFAULT NULL,
  `check_date` date NOT NULL,
  `check_time` time NOT NULL,
  `checked_by_user_id` int(11) NOT NULL,
  `created_at` datetime NOT NULL,
  `updated_at` datetime DEFAULT NULL
) ENGINE=InnoDB DEFAULT CHARSET=utf8mb4 COLLATE=utf8mb4_general_ci;

--
-- Dumping data for table `temperature_checks`
--

INSERT INTO `temperature_checks` (`check_id`, `equipment_id`, `temperature`, `is_compliant`, `corrective_action`, `check_date`, `check_time`, `checked_by_user_id`, `created_at`, `updated_at`) VALUES
(32, 2, -20.5, 1, NULL, '2025-03-10', '08:37:00', 4, '2025-03-10 08:37:00', '2025-03-10 08:37:00'),
(33, 2, -19.0, 1, NULL, '2025-03-11', '08:51:00', 7, '2025-03-11 08:51:00', '2025-03-11 08:51:00'),
(34, 2, -21.5, 1, NULL, '2025-03-12', '08:50:00', 5, '2025-03-12 08:50:00', '2025-03-12 08:50:00'),
(35, 2, -19.0, 1, NULL, '2025-03-13', '08:42:00', 5, '2025-03-13 08:42:00', '2025-03-13 08:42:00'),
(36, 2, -20.0, 1, NULL, '2025-03-14', '08:09:00', 6, '2025-03-14 08:09:00', '2025-03-14 08:09:00'),
(37, 2, -19.5, 1, NULL, '2025-03-15', '08:55:00', 7, '2025-03-15 08:55:00', '2025-03-15 08:55:00'),
(38, 2, -20.5, 1, NULL, '2025-03-16', '08:31:00', 4, '2025-03-16 08:31:00', '2025-03-16 08:31:00'),
(39, 2, -18.5, 1, NULL, '2025-03-17', '08:44:00', 4, '2025-03-17 08:44:00', '2025-03-17 08:44:00'),
(40, 2, -18.5, 1, NULL, '2025-03-18', '08:51:00', 7, '2025-03-18 08:51:00', '2025-03-18 08:51:00'),
(41, 2, -21.0, 1, NULL, '2025-03-19', '08:01:00', 4, '2025-03-19 08:01:00', '2025-03-19 08:01:00'),
(42, 2, -19.5, 1, NULL, '2025-03-20', '08:14:00', 4, '2025-03-20 08:14:00', '2025-03-20 08:14:00'),
(43, 2, -15.5, 0, 'Moved food items to another unit until temperature stabilizes', '2025-03-21', '08:45:00', 4, '2025-03-21 08:45:00', '2025-03-21 08:45:00'),
(44, 2, -20.0, 1, NULL, '2025-03-22', '08:38:00', 5, '2025-03-22 08:38:00', '2025-03-22 08:38:00'),
(45, 2, -19.5, 1, NULL, '2025-03-23', '08:41:00', 5, '2025-03-23 08:41:00', '2025-03-23 08:41:00'),
(46, 2, -21.0, 1, NULL, '2025-03-24', '08:29:00', 6, '2025-03-24 08:29:00', '2025-03-24 08:29:00'),
(47, 2, -22.0, 1, NULL, '2025-03-25', '08:04:00', 5, '2025-03-25 08:04:00', '2025-03-25 08:04:00'),
(48, 2, -21.0, 1, NULL, '2025-03-26', '08:11:00', 5, '2025-03-26 08:11:00', '2025-03-26 08:11:00'),
(49, 2, -21.5, 1, NULL, '2025-03-27', '08:00:00', 5, '2025-03-27 08:00:00', '2025-03-27 08:00:00'),
(50, 2, -20.5, 1, NULL, '2025-03-28', '08:33:00', 5, '2025-03-28 08:33:00', '2025-03-28 08:33:00'),
(51, 2, -17.5, 0, 'Called maintenance to inspect unit', '2025-03-29', '08:17:00', 6, '2025-03-29 08:17:00', '2025-03-29 08:17:00'),
(52, 2, -19.0, 1, NULL, '2025-03-30', '08:11:00', 5, '2025-03-30 08:11:00', '2025-03-30 08:11:00'),
(53, 2, -20.0, 1, NULL, '2025-03-31', '08:30:00', 5, '2025-03-31 08:30:00', '2025-03-31 08:30:00'),
(54, 2, -22.0, 1, NULL, '2025-04-01', '08:36:00', 5, '2025-04-01 08:36:00', '2025-04-01 08:36:00'),
(55, 2, -22.5, 1, NULL, '2025-04-02', '08:32:00', 7, '2025-04-02 08:32:00', '2025-04-02 08:32:00'),
(56, 2, -21.0, 1, NULL, '2025-04-03', '08:36:00', 7, '2025-04-03 08:36:00', '2025-04-03 08:36:00'),
(57, 2, -18.5, 1, NULL, '2025-04-04', '08:28:00', 4, '2025-04-04 08:28:00', '2025-04-04 08:28:00'),
(58, 2, -20.0, 1, NULL, '2025-04-05', '08:41:00', 7, '2025-04-05 08:41:00', '2025-04-05 08:41:00'),
(59, 2, -20.5, 1, NULL, '2025-04-06', '08:47:00', 4, '2025-04-06 08:47:00', '2025-04-06 08:47:00'),
(60, 2, -18.5, 1, NULL, '2025-04-07', '08:03:00', 5, '2025-04-07 08:03:00', '2025-04-07 08:03:00'),
(61, 2, -19.0, 1, NULL, '2025-04-08', '08:41:00', 7, '2025-04-08 08:41:00', '2025-04-08 08:41:00'),
(62, 2, -18.5, 1, NULL, '2025-04-09', '08:05:00', 4, '2025-04-09 08:05:00', '2025-04-09 08:05:00'),
(63, 3, 2.8, 1, NULL, '2025-03-10', '08:16:00', 6, '2025-03-10 08:16:00', '2025-03-10 08:16:00'),
(64, 3, 1.9, 1, NULL, '2025-03-10', '14:24:00', 7, '2025-03-10 14:24:00', '2025-03-10 14:24:00'),
(65, 3, 2.2, 1, NULL, '2025-03-11', '08:24:00', 7, '2025-03-11 08:24:00', '2025-03-11 08:24:00'),
(66, 3, 1.3, 1, NULL, '2025-03-11', '14:50:00', 4, '2025-03-11 14:50:00', '2025-03-11 14:50:00'),
(67, 3, 1.9, 1, NULL, '2025-03-12', '08:03:00', 6, '2025-03-12 08:03:00', '2025-03-12 08:03:00'),
(68, 3, 1.3, 1, NULL, '2025-03-12', '14:03:00', 4, '2025-03-12 14:03:00', '2025-03-12 14:03:00'),
(69, 3, 3.4, 1, NULL, '2025-03-13', '08:22:00', 6, '2025-03-13 08:22:00', '2025-03-13 08:22:00'),
(70, 3, 3.7, 1, NULL, '2025-03-13', '14:48:00', 7, '2025-03-13 14:48:00', '2025-03-13 14:48:00'),
(71, 3, 3.4, 1, NULL, '2025-03-14', '08:00:00', 4, '2025-03-14 08:00:00', '2025-03-14 08:00:00'),
(72, 3, 2.8, 1, NULL, '2025-03-14', '14:29:00', 7, '2025-03-14 14:29:00', '2025-03-14 14:29:00'),
(73, 3, 1.3, 1, NULL, '2025-03-15', '08:32:00', 4, '2025-03-15 08:32:00', '2025-03-15 08:32:00'),
(74, 3, 3.1, 1, NULL, '2025-03-15', '14:29:00', 5, '2025-03-15 14:29:00', '2025-03-15 14:29:00'),
(75, 3, 1.9, 1, NULL, '2025-03-16', '08:19:00', 7, '2025-03-16 08:19:00', '2025-03-16 08:19:00'),
(76, 3, 2.5, 1, NULL, '2025-03-16', '14:36:00', 6, '2025-03-16 14:36:00', '2025-03-16 14:36:00'),
(77, 3, 1.9, 1, NULL, '2025-03-17', '08:11:00', 7, '2025-03-17 08:11:00', '2025-03-17 08:11:00'),
(78, 3, 2.2, 1, NULL, '2025-03-17', '14:06:00', 4, '2025-03-17 14:06:00', '2025-03-17 14:06:00'),
(79, 3, 3.1, 1, NULL, '2025-03-18', '08:33:00', 4, '2025-03-18 08:33:00', '2025-03-18 08:33:00'),
(80, 3, 2.2, 1, NULL, '2025-03-18', '14:59:00', 4, '2025-03-18 14:59:00', '2025-03-18 14:59:00'),
(81, 3, 3.4, 1, NULL, '2025-03-19', '08:27:00', 4, '2025-03-19 08:27:00', '2025-03-19 08:27:00'),
(82, 3, 3.4, 1, NULL, '2025-03-19', '14:01:00', 4, '2025-03-19 14:01:00', '2025-03-19 14:01:00'),
(83, 3, 3.1, 1, NULL, '2025-03-20', '08:00:00', 7, '2025-03-20 08:00:00', '2025-03-20 08:00:00'),
(84, 3, 1.9, 1, NULL, '2025-03-20', '14:06:00', 6, '2025-03-20 14:06:00', '2025-03-20 14:06:00'),
(85, 3, 1.6, 1, NULL, '2025-03-21', '08:39:00', 4, '2025-03-21 08:39:00', '2025-03-21 08:39:00'),
(86, 3, 2.5, 1, NULL, '2025-03-21', '14:34:00', 7, '2025-03-21 14:34:00', '2025-03-21 14:34:00'),
(87, 3, 3.1, 1, NULL, '2025-03-22', '08:56:00', 6, '2025-03-22 08:56:00', '2025-03-22 08:56:00'),
(88, 3, 3.1, 1, NULL, '2025-03-22', '14:17:00', 6, '2025-03-22 14:17:00', '2025-03-22 14:17:00'),
(89, 3, 3.4, 1, NULL, '2025-03-23', '08:58:00', 5, '2025-03-23 08:58:00', '2025-03-23 08:58:00'),
(90, 3, 2.5, 1, NULL, '2025-03-23', '14:48:00', 4, '2025-03-23 14:48:00', '2025-03-23 14:48:00'),
(91, 3, 4.5, 0, 'Cleaned condenser coils and vents', '2025-03-24', '08:09:00', 7, '2025-03-24 08:09:00', '2025-03-24 08:09:00'),
(92, 3, 1.3, 1, NULL, '2025-03-24', '14:37:00', 5, '2025-03-24 14:37:00', '2025-03-24 14:37:00'),
(93, 3, 3.4, 1, NULL, '2025-03-25', '08:40:00', 4, '2025-03-25 08:40:00', '2025-03-25 08:40:00'),
(94, 3, 1.6, 1, NULL, '2025-03-25', '14:14:00', 6, '2025-03-25 14:14:00', '2025-03-25 14:14:00'),
(95, 3, 1.3, 1, NULL, '2025-03-26', '08:17:00', 7, '2025-03-26 08:17:00', '2025-03-26 08:17:00'),
(96, 3, 2.5, 1, NULL, '2025-03-26', '14:43:00', 7, '2025-03-26 14:43:00', '2025-03-26 14:43:00'),
(97, 3, 3.1, 1, NULL, '2025-03-27', '08:21:00', 7, '2025-03-27 08:21:00', '2025-03-27 08:21:00'),
(98, 3, 3.7, 1, NULL, '2025-03-27', '14:54:00', 7, '2025-03-27 14:54:00', '2025-03-27 14:54:00'),
(99, 3, 2.5, 1, NULL, '2025-03-28', '08:41:00', 4, '2025-03-28 08:41:00', '2025-03-28 08:41:00'),
(100, 3, 1.9, 1, NULL, '2025-03-28', '14:07:00', 6, '2025-03-28 14:07:00', '2025-03-28 14:07:00'),
(101, 3, 2.2, 1, NULL, '2025-03-29', '08:57:00', 6, '2025-03-29 08:57:00', '2025-03-29 08:57:00'),
(102, 3, 2.8, 1, NULL, '2025-03-29', '14:08:00', 5, '2025-03-29 14:08:00', '2025-03-29 14:08:00'),
(103, 3, -0.5, 0, 'Adjusted thermostat and will recheck in 30 minutes', '2025-03-30', '08:01:00', 5, '2025-03-30 08:01:00', '2025-03-30 08:01:00'),
(104, 3, 3.1, 1, NULL, '2025-03-30', '14:11:00', 4, '2025-03-30 14:11:00', '2025-03-30 14:11:00'),
(105, 3, 3.7, 1, NULL, '2025-03-31', '08:38:00', 4, '2025-03-31 08:38:00', '2025-03-31 08:38:00'),
(106, 3, 3.7, 1, NULL, '2025-03-31', '14:34:00', 7, '2025-03-31 14:34:00', '2025-03-31 14:34:00'),
(107, 3, 3.7, 1, NULL, '2025-04-01', '08:09:00', 7, '2025-04-01 08:09:00', '2025-04-01 08:09:00'),
(108, 3, 2.2, 1, NULL, '2025-04-01', '14:29:00', 5, '2025-04-01 14:29:00', '2025-04-01 14:29:00'),
(109, 3, 2.8, 1, NULL, '2025-04-02', '08:03:00', 6, '2025-04-02 08:03:00', '2025-04-02 08:03:00'),
(110, 3, 2.2, 1, NULL, '2025-04-02', '14:10:00', 7, '2025-04-02 14:10:00', '2025-04-02 14:10:00'),
(111, 3, 3.7, 1, NULL, '2025-04-03', '08:26:00', 6, '2025-04-03 08:26:00', '2025-04-03 08:26:00'),
(112, 3, 3.1, 1, NULL, '2025-04-03', '14:14:00', 4, '2025-04-03 14:14:00', '2025-04-03 14:14:00'),
(113, 3, 3.4, 1, NULL, '2025-04-04', '08:48:00', 6, '2025-04-04 08:48:00', '2025-04-04 08:48:00'),
(114, 3, 1.6, 1, NULL, '2025-04-04', '14:40:00', 6, '2025-04-04 14:40:00', '2025-04-04 14:40:00'),
(115, 3, 2.5, 1, NULL, '2025-04-05', '08:39:00', 6, '2025-04-05 08:39:00', '2025-04-05 08:39:00'),
(116, 3, 2.2, 1, NULL, '2025-04-05', '14:22:00', 7, '2025-04-05 14:22:00', '2025-04-05 14:22:00'),
(117, 3, 1.6, 1, NULL, '2025-04-06', '08:34:00', 6, '2025-04-06 08:34:00', '2025-04-06 08:34:00'),
(118, 3, 2.8, 1, NULL, '2025-04-06', '14:37:00', 7, '2025-04-06 14:37:00', '2025-04-06 14:37:00'),
(119, 3, 3.7, 1, NULL, '2025-04-07', '08:45:00', 5, '2025-04-07 08:45:00', '2025-04-07 08:45:00'),
(120, 3, 2.2, 1, NULL, '2025-04-07', '14:58:00', 4, '2025-04-07 14:58:00', '2025-04-07 14:58:00'),
(121, 3, 3.4, 1, NULL, '2025-04-08', '08:41:00', 5, '2025-04-08 08:41:00', '2025-04-08 08:41:00'),
(122, 3, 0.0, 0, 'Cleaned condenser coils and vents', '2025-04-08', '14:10:00', 4, '2025-04-08 14:10:00', '2025-04-08 14:10:00'),
(123, 3, 1.6, 1, NULL, '2025-04-09', '08:09:00', 7, '2025-04-09 08:09:00', '2025-04-09 08:09:00'),
(124, 3, 2.8, 1, NULL, '2025-04-09', '14:43:00', 4, '2025-04-09 14:43:00', '2025-04-09 14:43:00'),
(125, 4, 1.6, 1, NULL, '2025-03-10', '08:57:00', 4, '2025-03-10 08:57:00', '2025-03-10 08:57:00'),
(126, 4, 2.5, 1, NULL, '2025-03-11', '08:12:00', 5, '2025-03-11 08:12:00', '2025-03-11 08:12:00'),
(127, 4, 1.3, 1, NULL, '2025-03-12', '08:35:00', 7, '2025-03-12 08:35:00', '2025-03-12 08:35:00'),
(128, 4, 2.5, 1, NULL, '2025-03-13', '08:52:00', 4, '2025-03-13 08:52:00', '2025-03-13 08:52:00'),
(129, 4, 3.1, 1, NULL, '2025-03-14', '08:25:00', 7, '2025-03-14 08:25:00', '2025-03-14 08:25:00'),
(130, 4, 2.2, 1, NULL, '2025-03-15', '08:54:00', 4, '2025-03-15 08:54:00', '2025-03-15 08:54:00'),
(131, 4, 2.8, 1, NULL, '2025-03-16', '08:30:00', 6, '2025-03-16 08:30:00', '2025-03-16 08:30:00'),
(132, 4, 1.6, 1, NULL, '2025-03-17', '08:06:00', 6, '2025-03-17 08:06:00', '2025-03-17 08:06:00'),
(133, 4, 1.6, 1, NULL, '2025-03-18', '08:17:00', 4, '2025-03-18 08:17:00', '2025-03-18 08:17:00'),
(134, 4, 1.3, 1, NULL, '2025-03-19', '08:24:00', 4, '2025-03-19 08:24:00', '2025-03-19 08:24:00'),
(135, 4, 3.4, 1, NULL, '2025-03-20', '08:49:00', 6, '2025-03-20 08:49:00', '2025-03-20 08:49:00'),
(136, 4, 2.8, 1, NULL, '2025-03-21', '08:35:00', 4, '2025-03-21 08:35:00', '2025-03-21 08:35:00'),
(137, 4, 2.5, 1, NULL, '2025-03-22', '08:40:00', 4, '2025-03-22 08:40:00', '2025-03-22 08:40:00'),
(138, 4, 1.3, 1, NULL, '2025-03-23', '08:06:00', 6, '2025-03-23 08:06:00', '2025-03-23 08:06:00'),
(139, 4, 2.5, 1, NULL, '2025-03-24', '08:40:00', 6, '2025-03-24 08:40:00', '2025-03-24 08:40:00'),
(140, 4, 1.3, 1, NULL, '2025-03-25', '08:31:00', 5, '2025-03-25 08:31:00', '2025-03-25 08:31:00'),
(141, 4, 2.5, 1, NULL, '2025-03-26', '08:40:00', 4, '2025-03-26 08:40:00', '2025-03-26 08:40:00'),
(142, 4, 1.3, 1, NULL, '2025-03-27', '08:21:00', 7, '2025-03-27 08:21:00', '2025-03-27 08:21:00'),
(143, 4, 2.8, 1, NULL, '2025-03-28', '08:11:00', 7, '2025-03-28 08:11:00', '2025-03-28 08:11:00'),
(144, 4, 2.5, 1, NULL, '2025-03-29', '08:17:00', 4, '2025-03-29 08:17:00', '2025-03-29 08:17:00'),
(145, 4, 2.5, 1, NULL, '2025-03-30', '08:09:00', 4, '2025-03-30 08:09:00', '2025-03-30 08:09:00'),
(146, 4, 2.5, 1, NULL, '2025-03-31', '08:55:00', 5, '2025-03-31 08:55:00', '2025-03-31 08:55:00'),
(147, 4, 3.4, 1, NULL, '2025-04-01', '08:46:00', 7, '2025-04-01 08:46:00', '2025-04-01 08:46:00'),
(148, 4, 1.6, 1, NULL, '2025-04-02', '08:29:00', 6, '2025-04-02 08:29:00', '2025-04-02 08:29:00'),
(149, 4, 3.1, 1, NULL, '2025-04-03', '08:51:00', 4, '2025-04-03 08:51:00', '2025-04-03 08:51:00'),
(150, 4, 1.9, 1, NULL, '2025-04-04', '08:48:00', 4, '2025-04-04 08:48:00', '2025-04-04 08:48:00'),
(151, 4, 3.4, 1, NULL, '2025-04-05', '08:26:00', 6, '2025-04-05 08:26:00', '2025-04-05 08:26:00'),
(152, 4, 2.5, 1, NULL, '2025-04-06', '08:59:00', 4, '2025-04-06 08:59:00', '2025-04-06 08:59:00'),
(153, 4, 1.3, 1, NULL, '2025-04-07', '08:23:00', 4, '2025-04-07 08:23:00', '2025-04-07 08:23:00'),
(154, 4, 2.5, 1, NULL, '2025-04-08', '08:32:00', 5, '2025-04-08 08:32:00', '2025-04-08 08:32:00'),
(155, 4, 3.7, 1, NULL, '2025-04-09', '08:49:00', 7, '2025-04-09 08:49:00', '2025-04-09 08:49:00'),
(156, 5, 2.3, 1, NULL, '2025-03-10', '08:12:00', 6, '2025-03-10 08:12:00', '2025-03-10 08:12:00'),
(157, 5, 4.4, 1, NULL, '2025-03-11', '08:25:00', 7, '2025-03-11 08:25:00', '2025-03-11 08:25:00'),
(158, 5, 4.7, 1, NULL, '2025-03-12', '08:56:00', 5, '2025-03-12 08:56:00', '2025-03-12 08:56:00'),
(159, 5, 2.6, 1, NULL, '2025-03-13', '08:04:00', 7, '2025-03-13 08:04:00', '2025-03-13 08:04:00'),
(160, 5, 4.7, 1, NULL, '2025-03-14', '08:27:00', 6, '2025-03-14 08:27:00', '2025-03-14 08:27:00'),
(161, 5, 4.4, 1, NULL, '2025-03-15', '08:18:00', 5, '2025-03-15 08:18:00', '2025-03-15 08:18:00'),
(162, 5, 3.2, 1, NULL, '2025-03-16', '08:05:00', 4, '2025-03-16 08:05:00', '2025-03-16 08:05:00'),
(163, 5, 1.0, 0, 'Cleaned condenser coils and vents', '2025-03-17', '08:34:00', 6, '2025-03-17 08:34:00', '2025-03-17 08:34:00'),
(164, 5, 2.3, 1, NULL, '2025-03-18', '08:17:00', 6, '2025-03-18 08:17:00', '2025-03-18 08:17:00'),
(165, 5, 3.2, 1, NULL, '2025-03-19', '08:52:00', 6, '2025-03-19 08:52:00', '2025-03-19 08:52:00'),
(166, 5, 2.9, 1, NULL, '2025-03-20', '08:45:00', 4, '2025-03-20 08:45:00', '2025-03-20 08:45:00'),
(167, 5, 2.6, 1, NULL, '2025-03-21', '08:31:00', 4, '2025-03-21 08:31:00', '2025-03-21 08:31:00'),
(168, 5, 1.0, 0, 'Called maintenance to inspect unit', '2025-03-22', '08:46:00', 6, '2025-03-22 08:46:00', '2025-03-22 08:46:00'),
(169, 5, 4.1, 1, NULL, '2025-03-23', '08:39:00', 4, '2025-03-23 08:39:00', '2025-03-23 08:39:00'),
(170, 5, 2.3, 1, NULL, '2025-03-24', '08:20:00', 6, '2025-03-24 08:20:00', '2025-03-24 08:20:00'),
(171, 5, 2.6, 1, NULL, '2025-03-25', '08:42:00', 7, '2025-03-25 08:42:00', '2025-03-25 08:42:00'),
(172, 5, 4.7, 1, NULL, '2025-03-26', '08:07:00', 5, '2025-03-26 08:07:00', '2025-03-26 08:07:00'),
(173, 5, 4.4, 1, NULL, '2025-03-27', '08:31:00', 7, '2025-03-27 08:31:00', '2025-03-27 08:31:00'),
(174, 5, 4.7, 1, NULL, '2025-03-28', '08:10:00', 6, '2025-03-28 08:10:00', '2025-03-28 08:10:00'),
(175, 5, 3.2, 1, NULL, '2025-03-29', '08:52:00', 4, '2025-03-29 08:52:00', '2025-03-29 08:52:00'),
(176, 5, 3.5, 1, NULL, '2025-03-30', '08:59:00', 7, '2025-03-30 08:59:00', '2025-03-30 08:59:00'),
(177, 5, 4.1, 1, NULL, '2025-03-31', '08:59:00', 4, '2025-03-31 08:59:00', '2025-03-31 08:59:00'),
(178, 5, 6.5, 0, 'Moved food items to another unit until temperature stabilizes', '2025-04-01', '08:25:00', 4, '2025-04-01 08:25:00', '2025-04-01 08:25:00'),
(179, 5, 3.8, 1, NULL, '2025-04-02', '08:48:00', 6, '2025-04-02 08:48:00', '2025-04-02 08:48:00'),
(180, 5, 4.7, 1, NULL, '2025-04-03', '08:04:00', 6, '2025-04-03 08:04:00', '2025-04-03 08:04:00'),
(181, 5, 4.7, 1, NULL, '2025-04-04', '08:06:00', 4, '2025-04-04 08:06:00', '2025-04-04 08:06:00'),
(182, 5, 7.5, 0, 'Called maintenance to inspect unit', '2025-04-05', '08:19:00', 6, '2025-04-05 08:19:00', '2025-04-05 08:19:00'),
(183, 5, 3.2, 1, NULL, '2025-04-06', '08:55:00', 6, '2025-04-06 08:55:00', '2025-04-06 08:55:00'),
(184, 5, 2.3, 1, NULL, '2025-04-07', '08:03:00', 5, '2025-04-07 08:03:00', '2025-04-07 08:03:00'),
(185, 5, 2.3, 1, NULL, '2025-04-08', '08:21:00', 5, '2025-04-08 08:21:00', '2025-04-08 08:21:00'),
(186, 5, 2.6, 1, NULL, '2025-04-09', '08:01:00', 5, '2025-04-09 08:01:00', '2025-04-09 08:01:00'),
(187, 6, 82.8, 1, NULL, '2025-03-10', '08:09:00', 5, '2025-03-10 08:09:00', '2025-03-10 08:09:00'),
(188, 6, 65.2, 1, NULL, '2025-03-10', '14:49:00', 4, '2025-03-10 14:49:00', '2025-03-10 14:49:00'),
(189, 6, 80.6, 1, NULL, '2025-03-10', '20:20:00', 5, '2025-03-10 20:20:00', '2025-03-10 20:20:00'),
(190, 6, 80.6, 1, NULL, '2025-03-11', '08:03:00', 7, '2025-03-11 08:03:00', '2025-03-11 08:03:00'),
(191, 6, 78.4, 1, NULL, '2025-03-11', '14:23:00', 6, '2025-03-11 14:23:00', '2025-03-11 14:23:00'),
(192, 6, 74.0, 1, NULL, '2025-03-11', '20:30:00', 4, '2025-03-11 20:30:00', '2025-03-11 20:30:00'),
(193, 6, 71.8, 1, NULL, '2025-03-12', '08:21:00', 5, '2025-03-12 08:21:00', '2025-03-12 08:21:00'),
(194, 6, 69.6, 1, NULL, '2025-03-12', '14:15:00', 7, '2025-03-12 14:15:00', '2025-03-12 14:15:00'),
(195, 6, 78.4, 1, NULL, '2025-03-12', '20:46:00', 7, '2025-03-12 20:46:00', '2025-03-12 20:46:00'),
(196, 6, 76.2, 1, NULL, '2025-03-13', '08:15:00', 5, '2025-03-13 08:15:00', '2025-03-13 08:15:00'),
(197, 6, 80.6, 1, NULL, '2025-03-13', '14:03:00', 7, '2025-03-13 14:03:00', '2025-03-13 14:03:00'),
(198, 6, 78.4, 1, NULL, '2025-03-13', '20:08:00', 7, '2025-03-13 20:08:00', '2025-03-13 20:08:00'),
(199, 6, 67.4, 1, NULL, '2025-03-14', '08:03:00', 5, '2025-03-14 08:03:00', '2025-03-14 08:03:00'),
(200, 6, 78.4, 1, NULL, '2025-03-14', '14:20:00', 5, '2025-03-14 14:20:00', '2025-03-14 14:20:00'),
(201, 6, 65.2, 1, NULL, '2025-03-14', '20:06:00', 6, '2025-03-14 20:06:00', '2025-03-14 20:06:00'),
(202, 6, 69.6, 1, NULL, '2025-03-15', '08:45:00', 6, '2025-03-15 08:45:00', '2025-03-15 08:45:00'),
(203, 6, 69.6, 1, NULL, '2025-03-15', '14:24:00', 7, '2025-03-15 14:24:00', '2025-03-15 14:24:00'),
(204, 6, 78.4, 1, NULL, '2025-03-15', '20:18:00', 6, '2025-03-15 20:18:00', '2025-03-15 20:18:00'),
(205, 6, 78.4, 1, NULL, '2025-03-16', '08:14:00', 6, '2025-03-16 08:14:00', '2025-03-16 08:14:00'),
(206, 6, 78.4, 1, NULL, '2025-03-16', '14:44:00', 5, '2025-03-16 14:44:00', '2025-03-16 14:44:00'),
(207, 6, 65.2, 1, NULL, '2025-03-16', '20:09:00', 5, '2025-03-16 20:09:00', '2025-03-16 20:09:00'),
(208, 6, 60.5, 0, 'Called maintenance to inspect unit', '2025-03-17', '08:20:00', 5, '2025-03-17 08:20:00', '2025-03-17 08:20:00'),
(209, 6, 74.0, 1, NULL, '2025-03-17', '14:28:00', 4, '2025-03-17 14:28:00', '2025-03-17 14:28:00'),
(210, 6, 76.2, 1, NULL, '2025-03-17', '20:21:00', 7, '2025-03-17 20:21:00', '2025-03-17 20:21:00'),
(211, 6, 78.4, 1, NULL, '2025-03-18', '08:17:00', 4, '2025-03-18 08:17:00', '2025-03-18 08:17:00'),
(212, 6, 74.0, 1, NULL, '2025-03-18', '14:20:00', 6, '2025-03-18 14:20:00', '2025-03-18 14:20:00'),
(213, 6, 67.4, 1, NULL, '2025-03-18', '20:29:00', 4, '2025-03-18 20:29:00', '2025-03-18 20:29:00'),
(214, 6, 69.6, 1, NULL, '2025-03-19', '08:08:00', 4, '2025-03-19 08:08:00', '2025-03-19 08:08:00'),
(215, 6, 67.4, 1, NULL, '2025-03-19', '14:36:00', 5, '2025-03-19 14:36:00', '2025-03-19 14:36:00'),
(216, 6, 60.5, 0, 'Discarded food items that were in temperature danger zone', '2025-03-19', '20:19:00', 7, '2025-03-19 20:19:00', '2025-03-19 20:19:00'),
(217, 6, 65.2, 1, NULL, '2025-03-20', '08:28:00', 6, '2025-03-20 08:28:00', '2025-03-20 08:28:00'),
(218, 6, 67.4, 1, NULL, '2025-03-20', '14:20:00', 7, '2025-03-20 14:20:00', '2025-03-20 14:20:00'),
(219, 6, 67.4, 1, NULL, '2025-03-20', '20:24:00', 5, '2025-03-20 20:24:00', '2025-03-20 20:24:00'),
(220, 6, 74.0, 1, NULL, '2025-03-21', '08:41:00', 7, '2025-03-21 08:41:00', '2025-03-21 08:41:00'),
(221, 6, 76.2, 1, NULL, '2025-03-21', '14:06:00', 5, '2025-03-21 14:06:00', '2025-03-21 14:06:00'),
(222, 6, 82.8, 1, NULL, '2025-03-21', '20:21:00', 5, '2025-03-21 20:21:00', '2025-03-21 20:21:00'),
(223, 6, 69.6, 1, NULL, '2025-03-22', '08:45:00', 6, '2025-03-22 08:45:00', '2025-03-22 08:45:00'),
(224, 6, 65.2, 1, NULL, '2025-03-22', '14:36:00', 6, '2025-03-22 14:36:00', '2025-03-22 14:36:00'),
(225, 6, 78.4, 1, NULL, '2025-03-22', '20:03:00', 4, '2025-03-22 20:03:00', '2025-03-22 20:03:00'),
(226, 6, 69.6, 1, NULL, '2025-03-23', '08:56:00', 4, '2025-03-23 08:56:00', '2025-03-23 08:56:00'),
(227, 6, 71.8, 1, NULL, '2025-03-23', '14:35:00', 6, '2025-03-23 14:35:00', '2025-03-23 14:35:00'),
(228, 6, 74.0, 1, NULL, '2025-03-23', '20:37:00', 6, '2025-03-23 20:37:00', '2025-03-23 20:37:00'),
(229, 6, 74.0, 1, NULL, '2025-03-24', '08:17:00', 5, '2025-03-24 08:17:00', '2025-03-24 08:17:00'),
(230, 6, 74.0, 1, NULL, '2025-03-24', '14:25:00', 7, '2025-03-24 14:25:00', '2025-03-24 14:25:00'),
(231, 6, 67.4, 1, NULL, '2025-03-24', '20:54:00', 7, '2025-03-24 20:54:00', '2025-03-24 20:54:00'),
(232, 6, 74.0, 1, NULL, '2025-03-25', '08:26:00', 5, '2025-03-25 08:26:00', '2025-03-25 08:26:00'),
(233, 6, 85.5, 0, 'Moved food items to another unit until temperature stabilizes', '2025-03-25', '14:34:00', 7, '2025-03-25 14:34:00', '2025-03-25 14:34:00'),
(234, 6, 82.8, 1, NULL, '2025-03-25', '20:38:00', 5, '2025-03-25 20:38:00', '2025-03-25 20:38:00'),
(235, 6, 78.4, 1, NULL, '2025-03-26', '08:28:00', 5, '2025-03-26 08:28:00', '2025-03-26 08:28:00'),
(236, 6, 65.2, 1, NULL, '2025-03-26', '14:47:00', 7, '2025-03-26 14:47:00', '2025-03-26 14:47:00'),
(237, 6, 80.6, 1, NULL, '2025-03-26', '20:18:00', 7, '2025-03-26 20:18:00', '2025-03-26 20:18:00'),
(238, 6, 67.4, 1, NULL, '2025-03-27', '08:51:00', 4, '2025-03-27 08:51:00', '2025-03-27 08:51:00'),
(239, 6, 67.4, 1, NULL, '2025-03-27', '14:17:00', 6, '2025-03-27 14:17:00', '2025-03-27 14:17:00'),
(240, 6, 80.6, 1, NULL, '2025-03-27', '20:58:00', 7, '2025-03-27 20:58:00', '2025-03-27 20:58:00'),
(241, 6, 78.4, 1, NULL, '2025-03-28', '08:21:00', 6, '2025-03-28 08:21:00', '2025-03-28 08:21:00'),
(242, 6, 78.4, 1, NULL, '2025-03-28', '14:10:00', 7, '2025-03-28 14:10:00', '2025-03-28 14:10:00'),
(243, 6, 87.0, 0, 'Moved food items to another unit until temperature stabilizes', '2025-03-28', '20:38:00', 6, '2025-03-28 20:38:00', '2025-03-28 20:38:00'),
(244, 6, 65.2, 1, NULL, '2025-03-29', '08:09:00', 6, '2025-03-29 08:09:00', '2025-03-29 08:09:00'),
(245, 6, 69.6, 1, NULL, '2025-03-29', '14:48:00', 5, '2025-03-29 14:48:00', '2025-03-29 14:48:00'),
(246, 6, 69.6, 1, NULL, '2025-03-29', '20:02:00', 6, '2025-03-29 20:02:00', '2025-03-29 20:02:00'),
(247, 6, 71.8, 1, NULL, '2025-03-30', '08:09:00', 5, '2025-03-30 08:09:00', '2025-03-30 08:09:00'),
(248, 6, 78.4, 1, NULL, '2025-03-30', '14:31:00', 4, '2025-03-30 14:31:00', '2025-03-30 14:31:00'),
(249, 6, 74.0, 1, NULL, '2025-03-30', '20:47:00', 5, '2025-03-30 20:47:00', '2025-03-30 20:47:00'),
(250, 6, 74.0, 1, NULL, '2025-03-31', '08:35:00', 4, '2025-03-31 08:35:00', '2025-03-31 08:35:00'),
(251, 6, 76.2, 1, NULL, '2025-03-31', '14:45:00', 5, '2025-03-31 14:45:00', '2025-03-31 14:45:00'),
(252, 6, 76.2, 1, NULL, '2025-03-31', '20:42:00', 6, '2025-03-31 20:42:00', '2025-03-31 20:42:00'),
(253, 6, 61.5, 0, 'Called maintenance to inspect unit', '2025-04-01', '08:42:00', 4, '2025-04-01 08:42:00', '2025-04-01 08:42:00'),
(254, 6, 67.4, 1, NULL, '2025-04-01', '14:56:00', 6, '2025-04-01 14:56:00', '2025-04-01 14:56:00'),
(255, 6, 67.4, 1, NULL, '2025-04-01', '20:07:00', 5, '2025-04-01 20:07:00', '2025-04-01 20:07:00'),
(256, 6, 80.6, 1, NULL, '2025-04-02', '08:21:00', 7, '2025-04-02 08:21:00', '2025-04-02 08:21:00'),
(257, 6, 67.4, 1, NULL, '2025-04-02', '14:39:00', 5, '2025-04-02 14:39:00', '2025-04-02 14:39:00'),
(258, 6, 69.6, 1, NULL, '2025-04-02', '20:57:00', 6, '2025-04-02 20:57:00', '2025-04-02 20:57:00'),
(259, 6, 60.5, 0, 'Discarded food items that were in temperature danger zone', '2025-04-03', '08:22:00', 7, '2025-04-03 08:22:00', '2025-04-03 08:22:00'),
(260, 6, 71.8, 1, NULL, '2025-04-03', '14:34:00', 5, '2025-04-03 14:34:00', '2025-04-03 14:34:00'),
(261, 6, 74.0, 1, NULL, '2025-04-03', '20:02:00', 5, '2025-04-03 20:02:00', '2025-04-03 20:02:00'),
(262, 6, 65.2, 1, NULL, '2025-04-04', '08:15:00', 4, '2025-04-04 08:15:00', '2025-04-04 08:15:00'),
(263, 6, 82.8, 1, NULL, '2025-04-04', '14:29:00', 6, '2025-04-04 14:29:00', '2025-04-04 14:29:00'),
(264, 6, 78.4, 1, NULL, '2025-04-04', '20:25:00', 4, '2025-04-04 20:25:00', '2025-04-04 20:25:00'),
(265, 6, 82.8, 1, NULL, '2025-04-05', '08:20:00', 4, '2025-04-05 08:20:00', '2025-04-05 08:20:00'),
(266, 6, 71.8, 1, NULL, '2025-04-05', '14:46:00', 4, '2025-04-05 14:46:00', '2025-04-05 14:46:00'),
(267, 6, 69.6, 1, NULL, '2025-04-05', '20:15:00', 4, '2025-04-05 20:15:00', '2025-04-05 20:15:00'),
(268, 6, 78.4, 1, NULL, '2025-04-06', '08:20:00', 6, '2025-04-06 08:20:00', '2025-04-06 08:20:00'),
(269, 6, 74.0, 1, NULL, '2025-04-06', '14:37:00', 7, '2025-04-06 14:37:00', '2025-04-06 14:37:00'),
(270, 6, 82.8, 1, NULL, '2025-04-06', '20:12:00', 7, '2025-04-06 20:12:00', '2025-04-06 20:12:00'),
(271, 6, 67.4, 1, NULL, '2025-04-07', '08:36:00', 6, '2025-04-07 08:36:00', '2025-04-07 08:36:00'),
(272, 6, 74.0, 1, NULL, '2025-04-07', '14:49:00', 7, '2025-04-07 14:49:00', '2025-04-07 14:49:00'),
(273, 6, 69.6, 1, NULL, '2025-04-07', '20:04:00', 7, '2025-04-07 20:04:00', '2025-04-07 20:04:00'),
(274, 6, 61.5, 0, 'Adjusted thermostat and will recheck in 30 minutes', '2025-04-08', '08:27:00', 4, '2025-04-08 08:27:00', '2025-04-08 08:27:00'),
(275, 6, 62.0, 0, 'Moved food items to another unit until temperature stabilizes', '2025-04-08', '14:10:00', 7, '2025-04-08 14:10:00', '2025-04-08 14:10:00'),
(276, 6, 61.0, 0, 'Discarded food items that were in temperature danger zone', '2025-04-08', '20:25:00', 5, '2025-04-08 20:25:00', '2025-04-08 20:25:00'),
(277, 6, 76.2, 1, NULL, '2025-04-09', '08:30:00', 4, '2025-04-09 08:30:00', '2025-04-09 08:30:00'),
(278, 6, 69.6, 1, NULL, '2025-04-09', '14:12:00', 5, '2025-04-09 14:12:00', '2025-04-09 14:12:00'),
(279, 6, 82.8, 1, NULL, '2025-04-09', '20:56:00', 4, '2025-04-09 20:56:00', '2025-04-09 20:56:00'),
(280, 7, 58.0, 0, 'Called maintenance to inspect unit', '2025-03-10', '08:56:00', 4, '2025-03-10 08:56:00', '2025-03-10 08:56:00'),
(281, 7, 80.5, 0, 'Discarded food items that were in temperature danger zone', '2025-03-10', '14:38:00', 5, '2025-03-10 14:38:00', '2025-03-10 14:38:00'),
(282, 7, 58.0, 0, 'Cleaned condenser coils and vents', '2025-03-10', '20:14:00', 4, '2025-03-10 20:14:00', '2025-03-10 20:14:00'),
(283, 7, 68.0, 1, NULL, '2025-03-11', '08:41:00', 4, '2025-03-11 08:41:00', '2025-03-11 08:41:00'),
(284, 7, 78.0, 1, NULL, '2025-03-11', '14:51:00', 6, '2025-03-11 14:51:00', '2025-03-11 14:51:00'),
(285, 7, 82.0, 0, 'Adjusted thermostat and will recheck in 30 minutes', '2025-03-11', '20:45:00', 6, '2025-03-11 20:45:00', '2025-03-11 20:45:00'),
(286, 7, 68.0, 1, NULL, '2025-03-12', '08:28:00', 4, '2025-03-12 08:28:00', '2025-03-12 08:28:00'),
(287, 7, 62.0, 1, NULL, '2025-03-12', '14:51:00', 6, '2025-03-12 14:51:00', '2025-03-12 14:51:00'),
(288, 7, 62.0, 1, NULL, '2025-03-12', '20:41:00', 7, '2025-03-12 20:41:00', '2025-03-12 20:41:00'),
(289, 7, 62.0, 1, NULL, '2025-03-13', '08:28:00', 5, '2025-03-13 08:28:00', '2025-03-13 08:28:00'),
(290, 7, 62.0, 1, NULL, '2025-03-13', '14:38:00', 4, '2025-03-13 14:38:00', '2025-03-13 14:38:00'),
(291, 7, 68.0, 1, NULL, '2025-03-13', '20:32:00', 5, '2025-03-13 20:32:00', '2025-03-13 20:32:00'),
(292, 7, 62.0, 1, NULL, '2025-03-14', '08:28:00', 7, '2025-03-14 08:28:00', '2025-03-14 08:28:00'),
(293, 7, 78.0, 1, NULL, '2025-03-14', '14:22:00', 5, '2025-03-14 14:22:00', '2025-03-14 14:22:00'),
(294, 7, 62.0, 1, NULL, '2025-03-14', '20:37:00', 5, '2025-03-14 20:37:00', '2025-03-14 20:37:00'),
(295, 7, 72.0, 1, NULL, '2025-03-15', '08:26:00', 7, '2025-03-15 08:26:00', '2025-03-15 08:26:00'),
(296, 7, 62.0, 1, NULL, '2025-03-15', '14:28:00', 4, '2025-03-15 14:28:00', '2025-03-15 14:28:00'),
(297, 7, 70.0, 1, NULL, '2025-03-15', '20:32:00', 5, '2025-03-15 20:32:00', '2025-03-15 20:32:00'),
(298, 7, 68.0, 1, NULL, '2025-03-16', '08:05:00', 7, '2025-03-16 08:05:00', '2025-03-16 08:05:00'),
(299, 7, 76.0, 1, NULL, '2025-03-16', '14:01:00', 4, '2025-03-16 14:01:00', '2025-03-16 14:01:00'),
(300, 7, 62.0, 1, NULL, '2025-03-16', '20:27:00', 5, '2025-03-16 20:27:00', '2025-03-16 20:27:00'),
(301, 7, 62.0, 1, NULL, '2025-03-17', '08:36:00', 4, '2025-03-17 08:36:00', '2025-03-17 08:36:00'),
(302, 7, 62.0, 1, NULL, '2025-03-17', '14:24:00', 6, '2025-03-17 14:24:00', '2025-03-17 14:24:00'),
(303, 7, 78.0, 1, NULL, '2025-03-17', '20:10:00', 7, '2025-03-17 20:10:00', '2025-03-17 20:10:00'),
(304, 7, 66.0, 1, NULL, '2025-03-18', '08:54:00', 4, '2025-03-18 08:54:00', '2025-03-18 08:54:00'),
(305, 7, 70.0, 1, NULL, '2025-03-18', '14:32:00', 6, '2025-03-18 14:32:00', '2025-03-18 14:32:00'),
(306, 7, 62.0, 1, NULL, '2025-03-18', '20:05:00', 7, '2025-03-18 20:05:00', '2025-03-18 20:05:00'),
(307, 7, 64.0, 1, NULL, '2025-03-19', '08:12:00', 6, '2025-03-19 08:12:00', '2025-03-19 08:12:00'),
(308, 7, 74.0, 1, NULL, '2025-03-19', '14:41:00', 7, '2025-03-19 14:41:00', '2025-03-19 14:41:00'),
(309, 7, 76.0, 1, NULL, '2025-03-19', '20:47:00', 7, '2025-03-19 20:47:00', '2025-03-19 20:47:00'),
(310, 7, 74.0, 1, NULL, '2025-03-20', '08:41:00', 4, '2025-03-20 08:41:00', '2025-03-20 08:41:00'),
(311, 7, 66.0, 1, NULL, '2025-03-20', '14:11:00', 4, '2025-03-20 14:11:00', '2025-03-20 14:11:00'),
(312, 7, 78.0, 1, NULL, '2025-03-20', '20:49:00', 7, '2025-03-20 20:49:00', '2025-03-20 20:49:00'),
(313, 7, 59.5, 0, 'Adjusted thermostat and will recheck in 30 minutes', '2025-03-21', '08:30:00', 6, '2025-03-21 08:30:00', '2025-03-21 08:30:00'),
(314, 7, 74.0, 1, NULL, '2025-03-21', '14:49:00', 5, '2025-03-21 14:49:00', '2025-03-21 14:49:00'),
(315, 7, 68.0, 1, NULL, '2025-03-21', '20:33:00', 6, '2025-03-21 20:33:00', '2025-03-21 20:33:00'),
(316, 7, 66.0, 1, NULL, '2025-03-22', '08:30:00', 4, '2025-03-22 08:30:00', '2025-03-22 08:30:00'),
(317, 7, 76.0, 1, NULL, '2025-03-22', '14:59:00', 5, '2025-03-22 14:59:00', '2025-03-22 14:59:00'),
(318, 7, 62.0, 1, NULL, '2025-03-22', '20:41:00', 4, '2025-03-22 20:41:00', '2025-03-22 20:41:00'),
(319, 7, 62.0, 1, NULL, '2025-03-23', '08:38:00', 6, '2025-03-23 08:38:00', '2025-03-23 08:38:00'),
(320, 7, 74.0, 1, NULL, '2025-03-23', '14:55:00', 4, '2025-03-23 14:55:00', '2025-03-23 14:55:00'),
(321, 7, 78.0, 1, NULL, '2025-03-23', '20:02:00', 5, '2025-03-23 20:02:00', '2025-03-23 20:02:00'),
(322, 7, 64.0, 1, NULL, '2025-03-24', '08:09:00', 4, '2025-03-24 08:09:00', '2025-03-24 08:09:00'),
(323, 7, 66.0, 1, NULL, '2025-03-24', '14:10:00', 5, '2025-03-24 14:10:00', '2025-03-24 14:10:00'),
(324, 7, 70.0, 1, NULL, '2025-03-24', '20:45:00', 4, '2025-03-24 20:45:00', '2025-03-24 20:45:00'),
(325, 7, 82.0, 0, 'Called maintenance to inspect unit', '2025-03-25', '08:26:00', 5, '2025-03-25 08:26:00', '2025-03-25 08:26:00'),
(326, 7, 62.0, 1, NULL, '2025-03-25', '14:51:00', 5, '2025-03-25 14:51:00', '2025-03-25 14:51:00'),
(327, 7, 78.0, 1, NULL, '2025-03-25', '20:44:00', 4, '2025-03-25 20:44:00', '2025-03-25 20:44:00'),
(328, 7, 66.0, 1, NULL, '2025-03-26', '08:52:00', 6, '2025-03-26 08:52:00', '2025-03-26 08:52:00'),
(329, 7, 82.0, 0, 'Cleaned condenser coils and vents', '2025-03-26', '14:07:00', 4, '2025-03-26 14:07:00', '2025-03-26 14:07:00'),
(330, 7, 66.0, 1, NULL, '2025-03-26', '20:49:00', 6, '2025-03-26 20:49:00', '2025-03-26 20:49:00'),
(331, 7, 74.0, 1, NULL, '2025-03-27', '08:06:00', 5, '2025-03-27 08:06:00', '2025-03-27 08:06:00'),
(332, 7, 81.5, 0, 'Cleaned condenser coils and vents', '2025-03-27', '14:06:00', 4, '2025-03-27 14:06:00', '2025-03-27 14:06:00'),
(333, 7, 72.0, 1, NULL, '2025-03-27', '20:17:00', 5, '2025-03-27 20:17:00', '2025-03-27 20:17:00'),
(334, 7, 74.0, 1, NULL, '2025-03-28', '08:07:00', 4, '2025-03-28 08:07:00', '2025-03-28 08:07:00'),
(335, 7, 66.0, 1, NULL, '2025-03-28', '14:40:00', 5, '2025-03-28 14:40:00', '2025-03-28 14:40:00'),
(336, 7, 62.0, 1, NULL, '2025-03-28', '20:43:00', 7, '2025-03-28 20:43:00', '2025-03-28 20:43:00'),
(337, 7, 82.0, 0, 'Moved food items to another unit until temperature stabilizes', '2025-03-29', '08:50:00', 4, '2025-03-29 08:50:00', '2025-03-29 08:50:00'),
(338, 7, 72.0, 1, NULL, '2025-03-29', '14:55:00', 4, '2025-03-29 14:55:00', '2025-03-29 14:55:00'),
(339, 7, 68.0, 1, NULL, '2025-03-29', '20:48:00', 5, '2025-03-29 20:48:00', '2025-03-29 20:48:00'),
(340, 7, 70.0, 1, NULL, '2025-03-30', '08:21:00', 4, '2025-03-30 08:21:00', '2025-03-30 08:21:00'),
(341, 7, 68.0, 1, NULL, '2025-03-30', '14:41:00', 4, '2025-03-30 14:41:00', '2025-03-30 14:41:00'),
(342, 7, 62.0, 1, NULL, '2025-03-30', '20:37:00', 7, '2025-03-30 20:37:00', '2025-03-30 20:37:00'),
(343, 7, 76.0, 1, NULL, '2025-03-31', '08:45:00', 4, '2025-03-31 08:45:00', '2025-03-31 08:45:00'),
(344, 7, 62.0, 1, NULL, '2025-03-31', '14:26:00', 7, '2025-03-31 14:26:00', '2025-03-31 14:26:00'),
(345, 7, 78.0, 1, NULL, '2025-03-31', '20:47:00', 5, '2025-03-31 20:47:00', '2025-03-31 20:47:00'),
(346, 7, 70.0, 1, NULL, '2025-04-01', '08:12:00', 6, '2025-04-01 08:12:00', '2025-04-01 08:12:00'),
(347, 7, 70.0, 1, NULL, '2025-04-01', '14:00:00', 4, '2025-04-01 14:00:00', '2025-04-01 14:00:00'),
(348, 7, 78.0, 1, NULL, '2025-04-01', '20:23:00', 5, '2025-04-01 20:23:00', '2025-04-01 20:23:00'),
(349, 7, 81.5, 0, 'Cleaned condenser coils and vents', '2025-04-02', '08:01:00', 6, '2025-04-02 08:01:00', '2025-04-02 08:01:00'),
(350, 7, 70.0, 1, NULL, '2025-04-02', '14:24:00', 4, '2025-04-02 14:24:00', '2025-04-02 14:24:00'),
(351, 7, 70.0, 1, NULL, '2025-04-02', '20:36:00', 5, '2025-04-02 20:36:00', '2025-04-02 20:36:00'),
(352, 7, 66.0, 1, NULL, '2025-04-03', '08:08:00', 5, '2025-04-03 08:08:00', '2025-04-03 08:08:00'),
(353, 7, 78.0, 1, NULL, '2025-04-03', '14:38:00', 4, '2025-04-03 14:38:00', '2025-04-03 14:38:00'),
(354, 7, 78.0, 1, NULL, '2025-04-03', '20:32:00', 5, '2025-04-03 20:32:00', '2025-04-03 20:32:00'),
(355, 7, 76.0, 1, NULL, '2025-04-04', '08:37:00', 6, '2025-04-04 08:37:00', '2025-04-04 08:37:00'),
(356, 7, 80.5, 0, 'Discarded food items that were in temperature danger zone', '2025-04-04', '14:30:00', 7, '2025-04-04 14:30:00', '2025-04-04 14:30:00'),
(357, 7, 72.0, 1, NULL, '2025-04-04', '20:42:00', 6, '2025-04-04 20:42:00', '2025-04-04 20:42:00'),
(358, 7, 64.0, 1, NULL, '2025-04-05', '08:38:00', 7, '2025-04-05 08:38:00', '2025-04-05 08:38:00'),
(359, 7, 70.0, 1, NULL, '2025-04-05', '14:56:00', 6, '2025-04-05 14:56:00', '2025-04-05 14:56:00'),
(360, 7, 74.0, 1, NULL, '2025-04-05', '20:05:00', 7, '2025-04-05 20:05:00', '2025-04-05 20:05:00'),
(361, 7, 62.0, 1, NULL, '2025-04-06', '08:12:00', 4, '2025-04-06 08:12:00', '2025-04-06 08:12:00'),
(362, 7, 64.0, 1, NULL, '2025-04-06', '14:53:00', 7, '2025-04-06 14:53:00', '2025-04-06 14:53:00'),
(363, 7, 78.0, 1, NULL, '2025-04-06', '20:00:00', 5, '2025-04-06 20:00:00', '2025-04-06 20:00:00'),
(364, 7, 78.0, 1, NULL, '2025-04-07', '08:04:00', 5, '2025-04-07 08:04:00', '2025-04-07 08:04:00'),
(365, 7, 76.0, 1, NULL, '2025-04-07', '14:59:00', 4, '2025-04-07 14:59:00', '2025-04-07 14:59:00'),
(366, 7, 68.0, 1, NULL, '2025-04-07', '20:39:00', 4, '2025-04-07 20:39:00', '2025-04-07 20:39:00'),
(367, 7, 68.0, 1, NULL, '2025-04-08', '08:54:00', 4, '2025-04-08 08:54:00', '2025-04-08 08:54:00'),
(368, 7, 58.5, 0, 'Discarded food items that were in temperature danger zone', '2025-04-08', '14:58:00', 5, '2025-04-08 14:58:00', '2025-04-08 14:58:00'),
(369, 7, 78.0, 1, NULL, '2025-04-08', '20:13:00', 4, '2025-04-08 20:13:00', '2025-04-08 20:13:00'),
(370, 7, 64.0, 1, NULL, '2025-04-09', '08:54:00', 7, '2025-04-09 08:54:00', '2025-04-09 08:54:00'),
(371, 7, 68.0, 1, NULL, '2025-04-09', '14:47:00', 7, '2025-04-09 14:47:00', '2025-04-09 14:47:00'),
(372, 7, 78.0, 1, NULL, '2025-04-09', '20:13:00', 7, '2025-04-09 20:13:00', '2025-04-09 20:13:00'),
(373, 8, -2.5, 1, NULL, '2025-03-10', '08:08:00', 7, '2025-03-10 08:08:00', '2025-03-10 08:08:00'),
(374, 8, -2.0, 1, NULL, '2025-03-11', '08:20:00', 7, '2025-03-11 08:20:00', '2025-03-11 08:20:00'),
(375, 8, -3.0, 1, NULL, '2025-03-12', '08:32:00', 4, '2025-03-12 08:32:00', '2025-03-12 08:32:00'),
(376, 8, -2.0, 1, NULL, '2025-03-13', '08:39:00', 4, '2025-03-13 08:39:00', '2025-03-13 08:39:00'),
(377, 8, -3.0, 1, NULL, '2025-03-14', '08:16:00', 5, '2025-03-14 08:16:00', '2025-03-14 08:16:00'),
(378, 8, -3.0, 1, NULL, '2025-03-15', '08:55:00', 6, '2025-03-15 08:55:00', '2025-03-15 08:55:00'),
(379, 8, -4.5, 1, NULL, '2025-03-16', '08:03:00', 4, '2025-03-16 08:03:00', '2025-03-16 08:03:00'),
(380, 8, -3.5, 1, NULL, '2025-03-17', '08:15:00', 5, '2025-03-17 08:15:00', '2025-03-17 08:15:00'),
(381, 8, -1.5, 1, NULL, '2025-03-18', '08:11:00', 5, '2025-03-18 08:11:00', '2025-03-18 08:11:00'),
(382, 8, -3.0, 1, NULL, '2025-03-19', '08:53:00', 6, '2025-03-19 08:53:00', '2025-03-19 08:53:00'),
(383, 8, -1.5, 1, NULL, '2025-03-20', '08:55:00', 5, '2025-03-20 08:55:00', '2025-03-20 08:55:00'),
(384, 8, -0.5, 1, NULL, '2025-03-21', '08:45:00', 4, '2025-03-21 08:45:00', '2025-03-21 08:45:00'),
(385, 8, -3.0, 1, NULL, '2025-03-22', '08:00:00', 6, '2025-03-22 08:00:00', '2025-03-22 08:00:00'),
(386, 8, -2.5, 1, NULL, '2025-03-23', '08:52:00', 7, '2025-03-23 08:52:00', '2025-03-23 08:52:00'),
(387, 8, -2.5, 1, NULL, '2025-03-24', '08:37:00', 4, '2025-03-24 08:37:00', '2025-03-24 08:37:00'),
(388, 8, -3.0, 1, NULL, '2025-03-25', '08:17:00', 7, '2025-03-25 08:17:00', '2025-03-25 08:17:00'),
(389, 8, -0.5, 1, NULL, '2025-03-26', '08:15:00', 7, '2025-03-26 08:15:00', '2025-03-26 08:15:00'),
(390, 8, -1.5, 1, NULL, '2025-03-27', '08:14:00', 6, '2025-03-27 08:14:00', '2025-03-27 08:14:00'),
(391, 8, -2.0, 1, NULL, '2025-03-28', '08:20:00', 5, '2025-03-28 08:20:00', '2025-03-28 08:20:00'),
(392, 8, -3.5, 1, NULL, '2025-03-29', '08:41:00', 6, '2025-03-29 08:41:00', '2025-03-29 08:41:00'),
(393, 8, -1.5, 1, NULL, '2025-03-30', '08:56:00', 7, '2025-03-30 08:56:00', '2025-03-30 08:56:00'),
(394, 8, -0.5, 1, NULL, '2025-03-31', '08:06:00', 4, '2025-03-31 08:06:00', '2025-03-31 08:06:00'),
(395, 8, -0.5, 1, NULL, '2025-04-01', '08:20:00', 5, '2025-04-01 08:20:00', '2025-04-01 08:20:00'),
(396, 8, -6.0, 0, 'Adjusted thermostat and will recheck in 30 minutes', '2025-04-02', '08:35:00', 7, '2025-04-02 08:35:00', '2025-04-02 08:35:00'),
(397, 8, -2.0, 1, NULL, '2025-04-03', '08:22:00', 4, '2025-04-03 08:22:00', '2025-04-03 08:22:00'),
(398, 8, -1.5, 1, NULL, '2025-04-04', '08:40:00', 7, '2025-04-04 08:40:00', '2025-04-04 08:40:00'),
(399, 8, -2.5, 1, NULL, '2025-04-05', '08:08:00', 5, '2025-04-05 08:08:00', '2025-04-05 08:08:00'),
(400, 8, -0.5, 1, NULL, '2025-04-06', '08:23:00', 6, '2025-04-06 08:23:00', '2025-04-06 08:23:00'),
(401, 8, -0.5, 1, NULL, '2025-04-07', '08:55:00', 4, '2025-04-07 08:55:00', '2025-04-07 08:55:00'),
(402, 8, -3.5, 1, NULL, '2025-04-08', '08:33:00', 6, '2025-04-08 08:33:00', '2025-04-08 08:33:00'),
(403, 8, -1.0, 1, NULL, '2025-04-09', '08:27:00', 6, '2025-04-09 08:27:00', '2025-04-09 08:27:00');

-- --------------------------------------------------------

--
-- Table structure for table `users`
--

CREATE TABLE `users` (
  `user_id` int(11) NOT NULL,
  `username` varchar(50) NOT NULL,
  `password` varchar(255) NOT NULL,
  `full_name` varchar(100) NOT NULL,
  `email` varchar(100) DEFAULT NULL,
  `initials` varchar(10) DEFAULT NULL,
  `role` enum('admin','manager','staff') NOT NULL DEFAULT 'staff',
  `is_active` tinyint(1) NOT NULL DEFAULT 1,
  `last_login` datetime DEFAULT NULL,
  `created_at` datetime NOT NULL,
  `updated_at` datetime DEFAULT NULL
) ENGINE=InnoDB DEFAULT CHARSET=utf8mb4 COLLATE=utf8mb4_general_ci;

--
-- Dumping data for table `users`
--

INSERT INTO `users` (`user_id`, `username`, `password`, `full_name`, `email`, `initials`, `role`, `is_active`, `last_login`, `created_at`, `updated_at`) VALUES
(1, 'admin', '$2y$10$2W/ck3zFb1F1Yu.44nxnwOlYiTVl4JubyQPAQIoS2NSgDKF8dywym', 'Abel Demssie', NULL, 'Ab', 'staff', 1, '2025-04-14 19:41:01', '2025-04-09 02:58:10', NULL),
(4, 'Michael', '$2y$10$jDjUQsrJQPSAH2WoferrmufqrYXkdaq6kHGdEy7im.ZOb6FfAxOCy', 'Michael Werkneh', NULL, 'RM', 'admin', 1, NULL, '2025-04-09 03:00:30', NULL),
(5, 'Ruth', '$2y$10$r2XhskKlz0kcWJFpMSQS/uouFKhC9.qlwodlnNtPF/JGZGI1IZgUK', 'Ruth Alemu', NULL, 'HC', 'staff', 1, NULL, '2025-04-09 03:00:30', NULL),
(6, 'Mahlet', '$2y$10$.cQJe3OkedhEwv/SBQ8NB.MLuOUjZqoxh2OW9gWPIDhcIekZ9FtKW', 'Mahlet Zerfu', NULL, 'KS', 'staff', 1, NULL, '2025-04-09 03:00:30', NULL),
(7, 'Yonas', '$2y$10$H31N0s2wkPuJkiRBr3pqNesDjK7BoeEMk2UYG2LDp6Bz2viMmksBm', 'Kibtom Zenebe', NULL, 'SS', 'staff', 1, NULL, '2025-04-09 03:00:30', NULL),
(8, 'sara', '$2y$10$jEfGGOqO37M10Mnbfr8KmO.YHK/Fi2qc7/tYF4kcmoBAMpYI6TjJO', 'Sara Teshome', NULL, NULL, 'manager', 1, NULL, '0000-00-00 00:00:00', NULL);

--
-- Indexes for dumped tables
--

--
-- Indexes for table `cleaning_locations`
--
ALTER TABLE `cleaning_locations`
  ADD PRIMARY KEY (`location_id`);

--
-- Indexes for table `cleaning_log`
--
ALTER TABLE `cleaning_log`
  ADD PRIMARY KEY (`log_id`),
  ADD KEY `task_id` (`task_id`),
  ADD KEY `location_id` (`location_id`),
  ADD KEY `completed_by_user_id` (`completed_by_user_id`),
  ADD KEY `verified_by_user_id` (`verified_by_user_id`);

--
-- Indexes for table `cleaning_task`
--
ALTER TABLE `cleaning_task`
  ADD PRIMARY KEY (`task_id`),
  ADD KEY `location_id` (`location_id`);

--
-- Indexes for table `equipment`
--
ALTER TABLE `equipment`
  ADD PRIMARY KEY (`equipment_id`);

--
-- Indexes for table `food_waste_log`
--
ALTER TABLE `food_waste_log`
  ADD PRIMARY KEY (`waste_id`),
  ADD KEY `recorded_by_user_id` (`recorded_by_user_id`);

--
-- Indexes for table `settings`
--
ALTER TABLE `settings`
  ADD PRIMARY KEY (`setting_id`),
  ADD UNIQUE KEY `setting_key` (`setting_key`);

--
-- Indexes for table `system_settings`
--
ALTER TABLE `system_settings`
  ADD PRIMARY KEY (`setting_id`),
  ADD UNIQUE KEY `setting_key` (`setting_key`);

--
-- Indexes for table `temperature_checks`
--
ALTER TABLE `temperature_checks`
  ADD PRIMARY KEY (`check_id`),
  ADD KEY `equipment_id` (`equipment_id`),
  ADD KEY `checked_by_user_id` (`checked_by_user_id`);

--
-- Indexes for table `users`
--
ALTER TABLE `users`
  ADD PRIMARY KEY (`user_id`),
  ADD UNIQUE KEY `username` (`username`);

--
-- AUTO_INCREMENT for dumped tables
--

--
-- AUTO_INCREMENT for table `cleaning_locations`
--
ALTER TABLE `cleaning_locations`
  MODIFY `location_id` int(11) NOT NULL AUTO_INCREMENT, AUTO_INCREMENT=12;

--
-- AUTO_INCREMENT for table `cleaning_log`
--
ALTER TABLE `cleaning_log`
  MODIFY `log_id` int(11) NOT NULL AUTO_INCREMENT, AUTO_INCREMENT=349;

--
-- AUTO_INCREMENT for table `cleaning_task`
--
ALTER TABLE `cleaning_task`
  MODIFY `task_id` int(11) NOT NULL AUTO_INCREMENT, AUTO_INCREMENT=17;

--
-- AUTO_INCREMENT for table `equipment`
--
ALTER TABLE `equipment`
  MODIFY `equipment_id` int(11) NOT NULL AUTO_INCREMENT, AUTO_INCREMENT=10;

--
-- AUTO_INCREMENT for table `food_waste_log`
--
ALTER TABLE `food_waste_log`
  MODIFY `waste_id` int(11) NOT NULL AUTO_INCREMENT, AUTO_INCREMENT=58;

--
-- AUTO_INCREMENT for table `settings`
--
ALTER TABLE `settings`
  MODIFY `setting_id` int(11) NOT NULL AUTO_INCREMENT, AUTO_INCREMENT=15;

--
-- AUTO_INCREMENT for table `system_settings`
--
ALTER TABLE `system_settings`
  MODIFY `setting_id` int(11) NOT NULL AUTO_INCREMENT, AUTO_INCREMENT=9;

--
-- AUTO_INCREMENT for table `temperature_checks`
--
ALTER TABLE `temperature_checks`
  MODIFY `check_id` int(11) NOT NULL AUTO_INCREMENT, AUTO_INCREMENT=404;

--
-- AUTO_INCREMENT for table `users`
--
ALTER TABLE `users`
  MODIFY `user_id` int(11) NOT NULL AUTO_INCREMENT, AUTO_INCREMENT=9;

--
-- Constraints for dumped tables
--

--
-- Constraints for table `cleaning_log`
--
ALTER TABLE `cleaning_log`
  ADD CONSTRAINT `cleaning_log_ibfk_1` FOREIGN KEY (`task_id`) REFERENCES `cleaning_task` (`task_id`) ON DELETE CASCADE,
  ADD CONSTRAINT `cleaning_log_ibfk_2` FOREIGN KEY (`location_id`) REFERENCES `cleaning_locations` (`location_id`) ON DELETE CASCADE,
  ADD CONSTRAINT `cleaning_log_ibfk_3` FOREIGN KEY (`completed_by_user_id`) REFERENCES `users` (`user_id`),
  ADD CONSTRAINT `cleaning_log_ibfk_4` FOREIGN KEY (`verified_by_user_id`) REFERENCES `users` (`user_id`);

--
-- Constraints for table `cleaning_task`
--
ALTER TABLE `cleaning_task`
  ADD CONSTRAINT `cleaning_task_ibfk_1` FOREIGN KEY (`location_id`) REFERENCES `cleaning_locations` (`location_id`) ON DELETE CASCADE;

--
-- Constraints for table `food_waste_log`
--
ALTER TABLE `food_waste_log`
  ADD CONSTRAINT `food_waste_log_ibfk_1` FOREIGN KEY (`recorded_by_user_id`) REFERENCES `users` (`user_id`);

--
-- Constraints for table `temperature_checks`
--
ALTER TABLE `temperature_checks`
  ADD CONSTRAINT `temperature_checks_ibfk_1` FOREIGN KEY (`equipment_id`) REFERENCES `equipment` (`equipment_id`) ON DELETE CASCADE,
  ADD CONSTRAINT `temperature_checks_ibfk_2` FOREIGN KEY (`checked_by_user_id`) REFERENCES `users` (`user_id`);
COMMIT;

/*!40101 SET CHARACTER_SET_CLIENT=@OLD_CHARACTER_SET_CLIENT */;
/*!40101 SET CHARACTER_SET_RESULTS=@OLD_CHARACTER_SET_RESULTS */;
/*!40101 SET COLLATION_CONNECTION=@OLD_COLLATION_CONNECTION */;
